Workbook

Sheet Incident Reporting
A1: מספר סידורי | B1: מועד הפגיעה | C1: מועד דיווח | D1: שלב | E1: סוג פגיעה | F1: אופי הפגיעה | G1: תדירות הפגיעה | H1: פגיעה עקרית | I1: מועד פגיעה | J1: סוג מתקן | K1: שיטת טיפול | L1: דחיפות טיפול | M1: פרמטרים תומכים | N1: מסקנות | O1: חומרת מקרה | P1: חומרה רפואית | Q1: חומרה דוזימטרית | R1: חומרה כוללת | U1: הערות
A2: 1 | B2: 42005 | D2: מהלך טיפול | E2: נפגע | F2: נפגע יחיד | G2: חד פעמי | H2: תרבות עבודה | J2: מאיץ1/מאיץ2 | K2: SRS\SRT | L2: תיק מהיר | M2: פרמטר יחיד | N2: חידוד נהל קיים | O2: =IF(ISBLANK(D2),"",IF(D2='טבלת פרמטרים'!$A$9,1,0)+IF(E2='טבלת פרמטרים'!$B$5,2,1)+IF(F2='טבלת פרמטרים'!$C$5,3,IF(F2='טבלת פרמטרים'!$C$4,1,0))+IF(G2='טבלת פרמטרים'!$D$3,2,0)+IF(M2='טבלת פרמטרים'!$J$4,2,IF(M2='טבלת פרמטרים'!$J$3,1,0))+IF(N2='טבלת פרמטרים'!$K$6,3,IF(OR(N2='טבלת פרמטרים'!$K$4,N2='טבלת פרמטרים'!$K$5),2,IF(N2='טבלת פרמטרים'!$K$3,1,0)))) -> 6 | R2: =IF(ISNUMBER(T2),T2+O2,O2) -> 6 | S2: =IF(EXACT(P2,'טבלת פרמטרים'!$M$2),'טבלת פרמטרים'!$N$2,IF(EXACT(P2,'טבלת פרמטרים'!$M$3),'טבלת פרמטרים'!$N$3,IF(EXACT(P2,'טבלת פרמטרים'!$M$4),'טבלת פרמטרים'!$N$4,IF(EXACT(P2,'טבלת פרמטרים'!$M$5),'טבלת פרמטרים'!$N$5,IF(EXACT(P2,'טבלת פרמטרים'!$M$6),'טבלת פרמטרים'!$N$6,IF(EXACT(P2,'טבלת פרמטרים'!$M$7),'טבלת פרמטרים'!$N$7,IF(EXACT(P2,'טבלת פרמטרים'!$M$8),'טבלת פרמטרים'!$N$8,IF(EXACT(P2,'טבלת פרמטרים'!$M$9),'טבלת פרמטרים'!$N$9,"")))))))) | T2: =IF(EXACT(Q2,'טבלת פרמטרים'!$O$2),'טבלת פרמטרים'!$P$2,IF(EXACT(Q2,'טבלת פרמטרים'!$O$3),'טבלת פרמטרים'!$P$3,IF(EXACT(Q2,'טבלת פרמטרים'!$O$4),'טבלת פרמטרים'!$P$4,IF(EXACT(Q2,'טבלת פרמטרים'!$O$5),'טבלת פרמטרים'!$P$5,IF(EXACT(Q2,'טבלת פרמטרים'!$O$6),'טבלת פרמטרים'!$P$6,IF(EXACT(Q2,'טבלת פרמטרים'!$O$7),'טבלת פרמטרים'!$P$7,""))))))
A3: 2 | B3: 42008 | D3: לפני טיפול | E3: מקרה בטיחות | F3: ללא נפגעים | G3: חד פעמי | H3: תקשורת | J3: מאיץ4/מאיץ5 | K3: IMRT | L3: תיק רגיל | M3: ללא | N3: חידוד נהל קיים | O3: =IF(ISBLANK(D3),"",IF(D3='טבלת פרמטרים'!$A$9,1,0)+IF(E3='טבלת פרמטרים'!$B$5,2,1)+IF(F3='טבלת פרמטרים'!$C$5,3,IF(F3='טבלת פרמטרים'!$C$4,1,0))+IF(G3='טבלת פרמטרים'!$D$3,2,0)+IF(M3='טבלת פרמטרים'!$J$4,2,IF(M3='טבלת פרמטרים'!$J$3,1,0))+IF(N3='טבלת פרמטרים'!$K$6,3,IF(OR(N3='טבלת פרמטרים'!$K$4,N3='טבלת פרמטרים'!$K$5),2,IF(N3='טבלת פרמטרים'!$K$3,1,0)))) -> 2 | R3: =IF(ISNUMBER(T3),T3+O3,O3) -> 2 | S3: =IF(EXACT(P3,'טבלת פרמטרים'!$M$2),'טבלת פרמטרים'!$N$2,IF(EXACT(P3,'טבלת פרמטרים'!$M$3),'טבלת פרמטרים'!$N$3,IF(EXACT(P3,'טבלת פרמטרים'!$M$4),'טבלת פרמטרים'!$N$4,IF(EXACT(P3,'טבלת פרמטרים'!$M$5),'טבלת פרמטרים'!$N$5,IF(EXACT(P3,'טבלת פרמטרים'!$M$6),'טבלת פרמטרים'!$N$6,IF(EXACT(P3,'טבלת פרמטרים'!$M$7),'טבלת פרמטרים'!$N$7,IF(EXACT(P3,'טבלת פרמטרים'!$M$8),'טבלת פרמטרים'!$N$8,IF(EXACT(P3,'טבלת פרמטרים'!$M$9),'טבלת פרמטרים'!$N$9,"")))))))) | T3: =IF(EXACT(Q3,'טבלת פרמטרים'!$O$2),'טבלת פרמטרים'!$P$2,IF(EXACT(Q3,'טבלת פרמטרים'!$O$3),'טבלת פרמטרים'!$P$3,IF(EXACT(Q3,'טבלת פרמטרים'!$O$4),'טבלת פרמטרים'!$P$4,IF(EXACT(Q3,'טבלת פרמטרים'!$O$5),'טבלת פרמטרים'!$P$5,IF(EXACT(Q3,'טבלת פרמטרים'!$O$6),'טבלת פרמטרים'!$P$6,IF(EXACT(Q3,'טבלת פרמטרים'!$O$7),'טבלת פרמטרים'!$P$7,""))))))
A4: 3 | B4: 42022 | D4: מהלך טיפול | E4: כמעט נפגע | F4: נפגע יחיד | G4: חד פעמי | H4: נהל עבודה | J4: מאיץ3 | K4: 3D | L4: לא ישים | M4: ללא | N4: שינוי נוהל קיים | O4: =IF(ISBLANK(D4),"",IF(D4='טבלת פרמטרים'!$A$9,1,0)+IF(E4='טבלת פרמטרים'!$B$5,2,1)+IF(F4='טבלת פרמטרים'!$C$5,3,IF(F4='טבלת פרמטרים'!$C$4,1,0))+IF(G4='טבלת פרמטרים'!$D$3,2,0)+IF(M4='טבלת פרמטרים'!$J$4,2,IF(M4='טבלת פרמטרים'!$J$3,1,0))+IF(N4='טבלת פרמטרים'!$K$6,3,IF(OR(N4='טבלת פרמטרים'!$K$4,N4='טבלת פרמטרים'!$K$5),2,IF(N4='טבלת פרמטרים'!$K$3,1,0)))) -> 5 | R4: =IF(ISNUMBER(T4),T4+O4,O4) -> 5 | S4: =IF(EXACT(P4,'טבלת פרמטרים'!$M$2),'טבלת פרמטרים'!$N$2,IF(EXACT(P4,'טבלת פרמטרים'!$M$3),'טבלת פרמטרים'!$N$3,IF(EXACT(P4,'טבלת פרמטרים'!$M$4),'טבלת פרמטרים'!$N$4,IF(EXACT(P4,'טבלת פרמטרים'!$M$5),'טבלת פרמטרים'!$N$5,IF(EXACT(P4,'טבלת פרמטרים'!$M$6),'טבלת פרמטרים'!$N$6,IF(EXACT(P4,'טבלת פרמטרים'!$M$7),'טבלת פרמטרים'!$N$7,IF(EXACT(P4,'טבלת פרמטרים'!$M$8),'טבלת פרמטרים'!$N$8,IF(EXACT(P4,'טבלת פרמטרים'!$M$9),'טבלת פרמטרים'!$N$9,"")))))))) | T4: =IF(EXACT(Q4,'טבלת פרמטרים'!$O$2),'טבלת פרמטרים'!$P$2,IF(EXACT(Q4,'טבלת פרמטרים'!$O$3),'טבלת פרמטרים'!$P$3,IF(EXACT(Q4,'טבלת פרמטרים'!$O$4),'טבלת פרמטרים'!$P$4,IF(EXACT(Q4,'טבלת פרמטרים'!$O$5),'טבלת פרמטרים'!$P$5,IF(EXACT(Q4,'טבלת פרמטרים'!$O$6),'טבלת פרמטרים'!$P$6,IF(EXACT(Q4,'טבלת פרמטרים'!$O$7),'טבלת פרמטרים'!$P$7,""))))))
A5: 4 | B5: 42024 | D5: לפני טיפול | E5: מקרה בטיחות | F5: ללא נפגעים | G5: חד פעמי | H5: טעות אנוש | J5: מאיץ1/מאיץ2 | K5: IMRT | L5: תיק רגיל | M5: פרמטר יחיד | N5: ללא שינוי | O5: =IF(ISBLANK(D5),"",IF(D5='טבלת פרמטרים'!$A$9,1,0)+IF(E5='טבלת פרמטרים'!$B$5,2,1)+IF(F5='טבלת פרמטרים'!$C$5,3,IF(F5='טבלת פרמטרים'!$C$4,1,0))+IF(G5='טבלת פרמטרים'!$D$3,2,0)+IF(M5='טבלת פרמטרים'!$J$4,2,IF(M5='טבלת פרמטרים'!$J$3,1,0))+IF(N5='טבלת פרמטרים'!$K$6,3,IF(OR(N5='טבלת פרמטרים'!$K$4,N5='טבלת פרמטרים'!$K$5),2,IF(N5='טבלת פרמטרים'!$K$3,1,0)))) -> 2 | R5: =IF(ISNUMBER(T5),T5+O5,O5) -> 2 | S5: =IF(EXACT(P5,'טבלת פרמטרים'!$M$2),'טבלת פרמטרים'!$N$2,IF(EXACT(P5,'טבלת פרמטרים'!$M$3),'טבלת פרמטרים'!$N$3,IF(EXACT(P5,'טבלת פרמטרים'!$M$4),'טבלת פרמטרים'!$N$4,IF(EXACT(P5,'טבלת פרמטרים'!$M$5),'טבלת פרמטרים'!$N$5,IF(EXACT(P5,'טבלת פרמטרים'!$M$6),'טבלת פרמטרים'!$N$6,IF(EXACT(P5,'טבלת פרמטרים'!$M$7),'טבלת פרמטרים'!$N$7,IF(EXACT(P5,'טבלת פרמטרים'!$M$8),'טבלת פרמטרים'!$N$8,IF(EXACT(P5,'טבלת פרמטרים'!$M$9),'טבלת פרמטרים'!$N$9,"")))))))) | T5: =IF(EXACT(Q5,'טבלת פרמטרים'!$O$2),'טבלת פרמטרים'!$P$2,IF(EXACT(Q5,'טבלת פרמטרים'!$O$3),'טבלת פרמטרים'!$P$3,IF(EXACT(Q5,'טבלת פרמטרים'!$O$4),'טבלת פרמטרים'!$P$4,IF(EXACT(Q5,'טבלת פרמטרים'!$O$5),'טבלת פרמטרים'!$P$5,IF(EXACT(Q5,'טבלת פרמטרים'!$O$6),'טבלת פרמטרים'!$P$6,IF(EXACT(Q5,'טבלת פרמטרים'!$O$7),'טבלת פרמטרים'!$P$7,""))))))
A6: 5 | B6: 42024 | D6: מהלך טיפול | E6: מקרה בטיחות | F6: ללא נפגעים | G6: חד פעמי | H6: תקשורת | J6: מאיץ1/מאיץ2 | K6: IMRT | L6: תיק רגיל | M6: פרמטר יחיד | N6: ללא שינוי | O6: =IF(ISBLANK(D6),"",IF(D6='טבלת פרמטרים'!$A$9,1,0)+IF(E6='טבלת פרמטרים'!$B$5,2,1)+IF(F6='טבלת פרמטרים'!$C$5,3,IF(F6='טבלת פרמטרים'!$C$4,1,0))+IF(G6='טבלת פרמטרים'!$D$3,2,0)+IF(M6='טבלת פרמטרים'!$J$4,2,IF(M6='טבלת פרמטרים'!$J$3,1,0))+IF(N6='טבלת פרמטרים'!$K$6,3,IF(OR(N6='טבלת פרמטרים'!$K$4,N6='טבלת פרמטרים'!$K$5),2,IF(N6='טבלת פרמטרים'!$K$3,1,0)))) -> 3 | R6: =IF(ISNUMBER(T6),T6+O6,O6) -> 3 | S6: =IF(EXACT(P6,'טבלת פרמטרים'!$M$2),'טבלת פרמטרים'!$N$2,IF(EXACT(P6,'טבלת פרמטרים'!$M$3),'טבלת פרמטרים'!$N$3,IF(EXACT(P6,'טבלת פרמטרים'!$M$4),'טבלת פרמטרים'!$N$4,IF(EXACT(P6,'טבלת פרמטרים'!$M$5),'טבלת פרמטרים'!$N$5,IF(EXACT(P6,'טבלת פרמטרים'!$M$6),'טבלת פרמטרים'!$N$6,IF(EXACT(P6,'טבלת פרמטרים'!$M$7),'טבלת פרמטרים'!$N$7,IF(EXACT(P6,'טבלת פרמטרים'!$M$8),'טבלת פרמטרים'!$N$8,IF(EXACT(P6,'טבלת פרמטרים'!$M$9),'טבלת פרמטרים'!$N$9,"")))))))) | T6: =IF(EXACT(Q6,'טבלת פרמטרים'!$O$2),'טבלת פרמטרים'!$P$2,IF(EXACT(Q6,'טבלת פרמטרים'!$O$3),'טבלת פרמטרים'!$P$3,IF(EXACT(Q6,'טבלת פרמטרים'!$O$4),'טבלת פרמטרים'!$P$4,IF(EXACT(Q6,'טבלת פרמטרים'!$O$5),'טבלת פרמטרים'!$P$5,IF(EXACT(Q6,'טבלת פרמטרים'!$O$6),'טבלת פרמטרים'!$P$6,IF(EXACT(Q6,'טבלת פרמטרים'!$O$7),'טבלת פרמטרים'!$P$7,""))))))
A7: 6 | B7: 42089 | D7: מהלך טיפול | E7: נפגע | F7: נפגע יחיד | G7: חד פעמי | H7: טעות אנוש | J7: מאיץ4/מאיץ5 | K7: 3D | L7: תיק רגיל | M7: יותר מפרמטר אחד | N7: חידוד נהל קיים | O7: =IF(ISBLANK(D7),"",IF(D7='טבלת פרמטרים'!$A$9,1,0)+IF(E7='טבלת פרמטרים'!$B$5,2,1)+IF(F7='טבלת פרמטרים'!$C$5,3,IF(F7='טבלת פרמטרים'!$C$4,1,0))+IF(G7='טבלת פרמטרים'!$D$3,2,0)+IF(M7='טבלת פרמטרים'!$J$4,2,IF(M7='טבלת פרמטרים'!$J$3,1,0))+IF(N7='טבלת פרמטרים'!$K$6,3,IF(OR(N7='טבלת פרמטרים'!$K$4,N7='טבלת פרמטרים'!$K$5),2,IF(N7='טבלת פרמטרים'!$K$3,1,0)))) -> 7 | R7: =IF(ISNUMBER(T7),T7+O7,O7) -> 7 | S7: =IF(EXACT(P7,'טבלת פרמטרים'!$M$2),'טבלת פרמטרים'!$N$2,IF(EXACT(P7,'טבלת פרמטרים'!$M$3),'טבלת פרמטרים'!$N$3,IF(EXACT(P7,'טבלת פרמטרים'!$M$4),'טבלת פרמטרים'!$N$4,IF(EXACT(P7,'טבלת פרמטרים'!$M$5),'טבלת פרמטרים'!$N$5,IF(EXACT(P7,'טבלת פרמטרים'!$M$6),'טבלת פרמטרים'!$N$6,IF(EXACT(P7,'טבלת פרמטרים'!$M$7),'טבלת פרמטרים'!$N$7,IF(EXACT(P7,'טבלת פרמטרים'!$M$8),'טבלת פרמטרים'!$N$8,IF(EXACT(P7,'טבלת פרמטרים'!$M$9),'טבלת פרמטרים'!$N$9,"")))))))) | T7: =IF(EXACT(Q7,'טבלת פרמטרים'!$O$2),'טבלת פרמטרים'!$P$2,IF(EXACT(Q7,'טבלת פרמטרים'!$O$3),'טבלת פרמטרים'!$P$3,IF(EXACT(Q7,'טבלת פרמטרים'!$O$4),'טבלת פרמטרים'!$P$4,IF(EXACT(Q7,'טבלת פרמטרים'!$O$5),'טבלת פרמטרים'!$P$5,IF(EXACT(Q7,'טבלת פרמטרים'!$O$6),'טבלת פרמטרים'!$P$6,IF(EXACT(Q7,'טבלת פרמטרים'!$O$7),'טבלת פרמטרים'!$P$7,""))))))
A8: 7 | B8: 42121 | D8: מהלך טיפול | E8: נפגע | F8: נפגע יחיד | G8: חד פעמי | H8: תרבות עבודה | J8: מאיץ3 | K8: 3D | L8: תיק דחוף | M8: ללא | N8: חידוד נהל קיים | O8: =IF(ISBLANK(D8),"",IF(D8='טבלת פרמטרים'!$A$9,1,0)+IF(E8='טבלת פרמטרים'!$B$5,2,1)+IF(F8='טבלת פרמטרים'!$C$5,3,IF(F8='טבלת פרמטרים'!$C$4,1,0))+IF(G8='טבלת פרמטרים'!$D$3,2,0)+IF(M8='טבלת פרמטרים'!$J$4,2,IF(M8='טבלת פרמטרים'!$J$3,1,0))+IF(N8='טבלת פרמטרים'!$K$6,3,IF(OR(N8='טבלת פרמטרים'!$K$4,N8='טבלת פרמטרים'!$K$5),2,IF(N8='טבלת פרמטרים'!$K$3,1,0)))) -> 5 | R8: =IF(ISNUMBER(T8),T8+O8,O8) -> 5 | S8: =IF(EXACT(P8,'טבלת פרמטרים'!$M$2),'טבלת פרמטרים'!$N$2,IF(EXACT(P8,'טבלת פרמטרים'!$M$3),'טבלת פרמטרים'!$N$3,IF(EXACT(P8,'טבלת פרמטרים'!$M$4),'טבלת פרמטרים'!$N$4,IF(EXACT(P8,'טבלת פרמטרים'!$M$5),'טבלת פרמטרים'!$N$5,IF(EXACT(P8,'טבלת פרמטרים'!$M$6),'טבלת פרמטרים'!$N$6,IF(EXACT(P8,'טבלת פרמטרים'!$M$7),'טבלת פרמטרים'!$N$7,IF(EXACT(P8,'טבלת פרמטרים'!$M$8),'טבלת פרמטרים'!$N$8,IF(EXACT(P8,'טבלת פרמטרים'!$M$9),'טבלת פרמטרים'!$N$9,"")))))))) | T8: =IF(EXACT(Q8,'טבלת פרמטרים'!$O$2),'טבלת פרמטרים'!$P$2,IF(EXACT(Q8,'טבלת פרמטרים'!$O$3),'טבלת פרמטרים'!$P$3,IF(EXACT(Q8,'טבלת פרמטרים'!$O$4),'טבלת פרמטרים'!$P$4,IF(EXACT(Q8,'טבלת פרמטרים'!$O$5),'טבלת פרמטרים'!$P$5,IF(EXACT(Q8,'טבלת פרמטרים'!$O$6),'טבלת פרמטרים'!$P$6,IF(EXACT(Q8,'טבלת פרמטרים'!$O$7),'טבלת פרמטרים'!$P$7,""))))))
A9: 8 | B9: 42156 | D9: מהלך טיפול | E9: מקרה בטיחות | F9: נפגע יחיד | G9: חד פעמי | H9: תקשורת | J9: מאיץ1/מאיץ2 | K9: IMRT | L9: תיק רגיל | M9: פרמטר יחיד | N9: ללא שינוי | O9: =IF(ISBLANK(D9),"",IF(D9='טבלת פרמטרים'!$A$9,1,0)+IF(E9='טבלת פרמטרים'!$B$5,2,1)+IF(F9='טבלת פרמטרים'!$C$5,3,IF(F9='טבלת פרמטרים'!$C$4,1,0))+IF(G9='טבלת פרמטרים'!$D$3,2,0)+IF(M9='טבלת פרמטרים'!$J$4,2,IF(M9='טבלת פרמטרים'!$J$3,1,0))+IF(N9='טבלת פרמטרים'!$K$6,3,IF(OR(N9='טבלת פרמטרים'!$K$4,N9='טבלת פרמטרים'!$K$5),2,IF(N9='טבלת פרמטרים'!$K$3,1,0)))) -> 4 | R9: =IF(ISNUMBER(T9),T9+O9,O9) -> 4 | S9: =IF(EXACT(P9,'טבלת פרמטרים'!$M$2),'טבלת פרמטרים'!$N$2,IF(EXACT(P9,'טבלת פרמטרים'!$M$3),'טבלת פרמטרים'!$N$3,IF(EXACT(P9,'טבלת פרמטרים'!$M$4),'טבלת פרמטרים'!$N$4,IF(EXACT(P9,'טבלת פרמטרים'!$M$5),'טבלת פרמטרים'!$N$5,IF(EXACT(P9,'טבלת פרמטרים'!$M$6),'טבלת פרמטרים'!$N$6,IF(EXACT(P9,'טבלת פרמטרים'!$M$7),'טבלת פרמטרים'!$N$7,IF(EXACT(P9,'טבלת פרמטרים'!$M$8),'טבלת פרמטרים'!$N$8,IF(EXACT(P9,'טבלת פרמטרים'!$M$9),'טבלת פרמטרים'!$N$9,"")))))))) | T9: =IF(EXACT(Q9,'טבלת פרמטרים'!$O$2),'טבלת פרמטרים'!$P$2,IF(EXACT(Q9,'טבלת פרמטרים'!$O$3),'טבלת פרמטרים'!$P$3,IF(EXACT(Q9,'טבלת פרמטרים'!$O$4),'טבלת פרמטרים'!$P$4,IF(EXACT(Q9,'טבלת פרמטרים'!$O$5),'טבלת פרמטרים'!$P$5,IF(EXACT(Q9,'טבלת פרמטרים'!$O$6),'טבלת פרמטרים'!$P$6,IF(EXACT(Q9,'טבלת פרמטרים'!$O$7),'טבלת פרמטרים'!$P$7,""))))))
A10: 9 | B10: 42173 | D10: מהלך טיפול | E10: נפגע | F10: נפגע יחיד | G10: חד פעמי | H10: תקשורת | J10: מאיץ4/מאיץ5 | K10: IMRT | L10: תיק רגיל | M10: פרמטר יחיד | N10: חידוד נהל קיים | O10: =IF(ISBLANK(D10),"",IF(D10='טבלת פרמטרים'!$A$9,1,0)+IF(E10='טבלת פרמטרים'!$B$5,2,1)+IF(F10='טבלת פרמטרים'!$C$5,3,IF(F10='טבלת פרמטרים'!$C$4,1,0))+IF(G10='טבלת פרמטרים'!$D$3,2,0)+IF(M10='טבלת פרמטרים'!$J$4,2,IF(M10='טבלת פרמטרים'!$J$3,1,0))+IF(N10='טבלת פרמטרים'!$K$6,3,IF(OR(N10='טבלת פרמטרים'!$K$4,N10='טבלת פרמטרים'!$K$5),2,IF(N10='טבלת פרמטרים'!$K$3,1,0)))) -> 6 | R10: =IF(ISNUMBER(T10),T10+O10,O10) -> 6 | S10: =IF(EXACT(P10,'טבלת פרמטרים'!$M$2),'טבלת פרמטרים'!$N$2,IF(EXACT(P10,'טבלת פרמטרים'!$M$3),'טבלת פרמטרים'!$N$3,IF(EXACT(P10,'טבלת פרמטרים'!$M$4),'טבלת פרמטרים'!$N$4,IF(EXACT(P10,'טבלת פרמטרים'!$M$5),'טבלת פרמטרים'!$N$5,IF(EXACT(P10,'טבלת פרמטרים'!$M$6),'טבלת פרמטרים'!$N$6,IF(EXACT(P10,'טבלת פרמטרים'!$M$7),'טבלת פרמטרים'!$N$7,IF(EXACT(P10,'טבלת פרמטרים'!$M$8),'טבלת פרמטרים'!$N$8,IF(EXACT(P10,'טבלת פרמטרים'!$M$9),'טבלת פרמטרים'!$N$9,"")))))))) | T10: =IF(EXACT(Q10,'טבלת פרמטרים'!$O$2),'טבלת פרמטרים'!$P$2,IF(EXACT(Q10,'טבלת פרמטרים'!$O$3),'טבלת פרמטרים'!$P$3,IF(EXACT(Q10,'טבלת פרמטרים'!$O$4),'טבלת פרמטרים'!$P$4,IF(EXACT(Q10,'טבלת פרמטרים'!$O$5),'טבלת פרמטרים'!$P$5,IF(EXACT(Q10,'טבלת פרמטרים'!$O$6),'טבלת פרמטרים'!$P$6,IF(EXACT(Q10,'טבלת פרמטרים'!$O$7),'טבלת פרמטרים'!$P$7,""))))))
A11: 10 | B11: 42198 | D11: לפני טיפול | E11: מקרה בטיחות | F11: ללא נפגעים | G11: חד פעמי | H11: תקשורת | J11: מאיץ3 | K11: 3D | L11: תיק רגיל | M11: פרמטר יחיד | N11: ללא שינוי | O11: =IF(ISBLANK(D11),"",IF(D11='טבלת פרמטרים'!$A$9,1,0)+IF(E11='טבלת פרמטרים'!$B$5,2,1)+IF(F11='טבלת פרמטרים'!$C$5,3,IF(F11='טבלת פרמטרים'!$C$4,1,0))+IF(G11='טבלת פרמטרים'!$D$3,2,0)+IF(M11='טבלת פרמטרים'!$J$4,2,IF(M11='טבלת פרמטרים'!$J$3,1,0))+IF(N11='טבלת פרמטרים'!$K$6,3,IF(OR(N11='טבלת פרמטרים'!$K$4,N11='טבלת פרמטרים'!$K$5),2,IF(N11='טבלת פרמטרים'!$K$3,1,0)))) -> 2 | R11: =IF(ISNUMBER(T11),T11+O11,O11) -> 2 | S11: =IF(EXACT(P11,'טבלת פרמטרים'!$M$2),'טבלת פרמטרים'!$N$2,IF(EXACT(P11,'טבלת פרמטרים'!$M$3),'טבלת פרמטרים'!$N$3,IF(EXACT(P11,'טבלת פרמטרים'!$M$4),'טבלת פרמטרים'!$N$4,IF(EXACT(P11,'טבלת פרמטרים'!$M$5),'טבלת פרמטרים'!$N$5,IF(EXACT(P11,'טבלת פרמטרים'!$M$6),'טבלת פרמטרים'!$N$6,IF(EXACT(P11,'טבלת פרמטרים'!$M$7),'טבלת פרמטרים'!$N$7,IF(EXACT(P11,'טבלת פרמטרים'!$M$8),'טבלת פרמטרים'!$N$8,IF(EXACT(P11,'טבלת פרמטרים'!$M$9),'טבלת פרמטרים'!$N$9,"")))))))) | T11: =IF(EXACT(Q11,'טבלת פרמטרים'!$O$2),'טבלת פרמטרים'!$P$2,IF(EXACT(Q11,'טבלת פרמטרים'!$O$3),'טבלת פרמטרים'!$P$3,IF(EXACT(Q11,'טבלת פרמטרים'!$O$4),'טבלת פרמטרים'!$P$4,IF(EXACT(Q11,'טבלת פרמטרים'!$O$5),'טבלת פרמטרים'!$P$5,IF(EXACT(Q11,'טבלת פרמטרים'!$O$6),'טבלת פרמטרים'!$P$6,IF(EXACT(Q11,'טבלת פרמטרים'!$O$7),'טבלת פרמטרים'!$P$7,""))))))
A12: 11 | B12: 42212 | D12: מהלך טיפול | E12: נפגע | F12: נפגע יחיד | G12: חד פעמי | H12: תקשורת | J12: ברכיתרפיה | K12: ברכיתרפיה | L12: תיק רגיל | M12: יותר מפרמטר אחד | N12: חידוד נהל קיים | O12: =IF(ISBLANK(D12),"",IF(D12='טבלת פרמטרים'!$A$9,1,0)+IF(E12='טבלת פרמטרים'!$B$5,2,1)+IF(F12='טבלת פרמטרים'!$C$5,3,IF(F12='טבלת פרמטרים'!$C$4,1,0))+IF(G12='טבלת פרמטרים'!$D$3,2,0)+IF(M12='טבלת פרמטרים'!$J$4,2,IF(M12='טבלת פרמטרים'!$J$3,1,0))+IF(N12='טבלת פרמטרים'!$K$6,3,IF(OR(N12='טבלת פרמטרים'!$K$4,N12='טבלת פרמטרים'!$K$5),2,IF(N12='טבלת פרמטרים'!$K$3,1,0)))) -> 7 | R12: =IF(ISNUMBER(T12),T12+O12,O12) -> 7 | S12: =IF(EXACT(P12,'טבלת פרמטרים'!$M$2),'טבלת פרמטרים'!$N$2,IF(EXACT(P12,'טבלת פרמטרים'!$M$3),'טבלת פרמטרים'!$N$3,IF(EXACT(P12,'טבלת פרמטרים'!$M$4),'טבלת פרמטרים'!$N$4,IF(EXACT(P12,'טבלת פרמטרים'!$M$5),'טבלת פרמטרים'!$N$5,IF(EXACT(P12,'טבלת פרמטרים'!$M$6),'טבלת פרמטרים'!$N$6,IF(EXACT(P12,'טבלת פרמטרים'!$M$7),'טבלת פרמטרים'!$N$7,IF(EXACT(P12,'טבלת פרמטרים'!$M$8),'טבלת פרמטרים'!$N$8,IF(EXACT(P12,'טבלת פרמטרים'!$M$9),'טבלת פרמטרים'!$N$9,"")))))))) | T12: =IF(EXACT(Q12,'טבלת פרמטרים'!$O$2),'טבלת פרמטרים'!$P$2,IF(EXACT(Q12,'טבלת פרמטרים'!$O$3),'טבלת פרמטרים'!$P$3,IF(EXACT(Q12,'טבלת פרמטרים'!$O$4),'טבלת פרמטרים'!$P$4,IF(EXACT(Q12,'טבלת פרמטרים'!$O$5),'טבלת פרמטרים'!$P$5,IF(EXACT(Q12,'טבלת פרמטרים'!$O$6),'טבלת פרמטרים'!$P$6,IF(EXACT(Q12,'טבלת פרמטרים'!$O$7),'טבלת פרמטרים'!$P$7,""))))))
A13: 12 | B13: 42226 | D13: מהלך טיפול | E13: מקרה בטיחות | F13: נפגע יחיד | G13: חד פעמי | H13: טעות אנוש | J13: מאיץ4/מאיץ5 | K13: 3D | L13: תיק רגיל | M13: ללא | N13: חידוד נהל קיים | O13: =IF(ISBLANK(D13),"",IF(D13='טבלת פרמטרים'!$A$9,1,0)+IF(E13='טבלת פרמטרים'!$B$5,2,1)+IF(F13='טבלת פרמטרים'!$C$5,3,IF(F13='טבלת פרמטרים'!$C$4,1,0))+IF(G13='טבלת פרמטרים'!$D$3,2,0)+IF(M13='טבלת פרמטרים'!$J$4,2,IF(M13='טבלת פרמטרים'!$J$3,1,0))+IF(N13='טבלת פרמטרים'!$K$6,3,IF(OR(N13='טבלת פרמטרים'!$K$4,N13='טבלת פרמטרים'!$K$5),2,IF(N13='טבלת פרמטרים'!$K$3,1,0)))) -> 4 | R13: =IF(ISNUMBER(T13),T13+O13,O13) -> 4 | S13: =IF(EXACT(P13,'טבלת פרמטרים'!$M$2),'טבלת פרמטרים'!$N$2,IF(EXACT(P13,'טבלת פרמטרים'!$M$3),'טבלת פרמטרים'!$N$3,IF(EXACT(P13,'טבלת פרמטרים'!$M$4),'טבלת פרמטרים'!$N$4,IF(EXACT(P13,'טבלת פרמטרים'!$M$5),'טבלת פרמטרים'!$N$5,IF(EXACT(P13,'טבלת פרמטרים'!$M$6),'טבלת פרמטרים'!$N$6,IF(EXACT(P13,'טבלת פרמטרים'!$M$7),'טבלת פרמטרים'!$N$7,IF(EXACT(P13,'טבלת פרמטרים'!$M$8),'טבלת פרמטרים'!$N$8,IF(EXACT(P13,'טבלת פרמטרים'!$M$9),'טבלת פרמטרים'!$N$9,"")))))))) | T13: =IF(EXACT(Q13,'טבלת פרמטרים'!$O$2),'טבלת פרמטרים'!$P$2,IF(EXACT(Q13,'טבלת פרמטרים'!$O$3),'טבלת פרמטרים'!$P$3,IF(EXACT(Q13,'טבלת פרמטרים'!$O$4),'טבלת פרמטרים'!$P$4,IF(EXACT(Q13,'טבלת פרמטרים'!$O$5),'טבלת פרמטרים'!$P$5,IF(EXACT(Q13,'טבלת פרמטרים'!$O$6),'טבלת פרמטרים'!$P$6,IF(EXACT(Q13,'טבלת פרמטרים'!$O$7),'טבלת פרמטרים'!$P$7,""))))))
... A40: 39 | B40: 43030 | D40: בקרת איכות | E40: כמעט נפגע | F40: ללא נפגעים | G40: חד פעמי | H40: טעות אנוש | J40: מאיץ3 | K40: IMRT | L40: תיק רגיל | M40: ללא | N40: ללא שינוי | O40: =IF(ISBLANK(D40),"",IF(D40='טבלת פרמטרים'!$A$9,1,0)+IF(E40='טבלת פרמטרים'!$B$5,2,1)+IF(F40='טבלת פרמטרים'!$C$5,3,IF(F40='טבלת פרמטרים'!$C$4,1,0))+IF(G40='טבלת פרמטרים'!$D$3,2,0)+IF(M40='טבלת פרמטרים'!$J$4,2,IF(M40='טבלת פרמטרים'!$J$3,1,0))+IF(N40='טבלת פרמטרים'!$K$6,3,IF(OR(N40='טבלת פרמטרים'!$K$4,N40='טבלת פרמטרים'!$K$5),2,IF(N40='טבלת פרמטרים'!$K$3,1,0)))) -> 1 | R40: =IF(ISNUMBER(T40),T40+O40,O40) -> 1 | S40: =IF(EXACT(P40,'טבלת פרמטרים'!$M$2),'טבלת פרמטרים'!$N$2,IF(EXACT(P40,'טבלת פרמטרים'!$M$3),'טבלת פרמטרים'!$N$3,IF(EXACT(P40,'טבלת פרמטרים'!$M$4),'טבלת פרמטרים'!$N$4,IF(EXACT(P40,'טבלת פרמטרים'!$M$5),'טבלת פרמטרים'!$N$5,IF(EXACT(P40,'טבלת פרמטרים'!$M$6),'טבלת פרמטרים'!$N$6,IF(EXACT(P40,'טבלת פרמטרים'!$M$7),'טבלת פרמטרים'!$N$7,IF(EXACT(P40,'טבלת פרמטרים'!$M$8),'טבלת פרמטרים'!$N$8,IF(EXACT(P40,'טבלת פרמטרים'!$M$9),'טבלת פרמטרים'!$N$9,"")))))))) | T40: =IF(EXACT(Q40,'טבלת פרמטרים'!$O$2),'טבלת פרמטרים'!$P$2,IF(EXACT(Q40,'טבלת פרמטרים'!$O$3),'טבלת פרמטרים'!$P$3,IF(EXACT(Q40,'טבלת פרמטרים'!$O$4),'טבלת פרמטרים'!$P$4,IF(EXACT(Q40,'טבלת פרמטרים'!$O$5),'טבלת פרמטרים'!$P$5,IF(EXACT(Q40,'טבלת פרמטרים'!$O$6),'טבלת פרמטרים'!$P$6,IF(EXACT(Q40,'טבלת פרמטרים'!$O$7),'טבלת פרמטרים'!$P$7,""))))))
A41: 40 | B41: 43025 | D41: מרשם | E41: נפגע | F41: נפגע יחיד | G41: חד פעמי | H41: תרבות עבודה | I41: עבודת בוקר | J41: ברכיתרפיה | K41: ברכיתרפיה | L41: תיק דחוף | M41: ללא | N41: ללא שינוי | O41: =IF(ISBLANK(D41),"",IF(D41='טבלת פרמטרים'!$A$9,1,0)+IF(E41='טבלת פרמטרים'!$B$5,2,1)+IF(F41='טבלת פרמטרים'!$C$5,3,IF(F41='טבלת פרמטרים'!$C$4,1,0))+IF(G41='טבלת פרמטרים'!$D$3,2,0)+IF(M41='טבלת פרמטרים'!$J$4,2,IF(M41='טבלת פרמטרים'!$J$3,1,0))+IF(N41='טבלת פרמטרים'!$K$6,3,IF(OR(N41='טבלת פרמטרים'!$K$4,N41='טבלת פרמטרים'!$K$5),2,IF(N41='טבלת פרמטרים'!$K$3,1,0)))) -> 3 | P41: לא נפגע | Q41: לא רלוונטי | R41: =IF(ISNUMBER(T41),T41+O41,O41) -> 3 | S41: =IF(EXACT(P41,'טבלת פרמטרים'!$M$2),'טבלת פרמטרים'!$N$2,IF(EXACT(P41,'טבלת פרמטרים'!$M$3),'טבלת פרמטרים'!$N$3,IF(EXACT(P41,'טבלת פרמטרים'!$M$4),'טבלת פרמטרים'!$N$4,IF(EXACT(P41,'טבלת פרמטרים'!$M$5),'טבלת פרמטרים'!$N$5,IF(EXACT(P41,'טבלת פרמטרים'!$M$6),'טבלת פרמטרים'!$N$6,IF(EXACT(P41,'טבלת פרמטרים'!$M$7),'טבלת פרמטרים'!$N$7,IF(EXACT(P41,'טבלת פרמטרים'!$M$8),'טבלת פרמטרים'!$N$8,IF(EXACT(P41,'טבלת פרמטרים'!$M$9),'טבלת פרמטרים'!$N$9,"")))))))) -> 0 | T41: =IF(EXACT(Q41,'טבלת פרמטרים'!$O$2),'טבלת פרמטרים'!$P$2,IF(EXACT(Q41,'טבלת פרמטרים'!$O$3),'טבלת פרמטרים'!$P$3,IF(EXACT(Q41,'טבלת פרמטרים'!$O$4),'טבלת פרמטרים'!$P$4,IF(EXACT(Q41,'טבלת פרמטרים'!$O$5),'טבלת פרמטרים'!$P$5,IF(EXACT(Q41,'טבלת פרמטרים'!$O$6),'טבלת פרמטרים'!$P$6,IF(EXACT(Q41,'טבלת פרמטרים'!$O$7),'טבלת פרמטרים'!$P$7,"")))))) -> 0
A42: 41 | B42: 43023 | D42: מרשם | E42: כמעט נפגע | F42: ללא נפגעים | G42: חד פעמי | H42: תרבות עבודה | I42: עבודת ערב | J42: מאיץ4/מאיץ5 | K42: סימון קליני | L42: תיק רגיל | M42: יותר מפרמטר אחד | N42: חידוד נהל קיים | O42: =IF(ISBLANK(D42),"",IF(D42='טבלת פרמטרים'!$A$9,1,0)+IF(E42='טבלת פרמטרים'!$B$5,2,1)+IF(F42='טבלת פרמטרים'!$C$5,3,IF(F42='טבלת פרמטרים'!$C$4,1,0))+IF(G42='טבלת פרמטרים'!$D$3,2,0)+IF(M42='טבלת פרמטרים'!$J$4,2,IF(M42='טבלת פרמטרים'!$J$3,1,0))+IF(N42='טבלת פרמטרים'!$K$6,3,IF(OR(N42='טבלת פרמטרים'!$K$4,N42='טבלת פרמטרים'!$K$5),2,IF(N42='טבלת פרמטרים'!$K$3,1,0)))) -> 4 | R42: =IF(ISNUMBER(T42),T42+O42,O42) -> 4 | S42: =IF(EXACT(P42,'טבלת פרמטרים'!$M$2),'טבלת פרמטרים'!$N$2,IF(EXACT(P42,'טבלת פרמטרים'!$M$3),'טבלת פרמטרים'!$N$3,IF(EXACT(P42,'טבלת פרמטרים'!$M$4),'טבלת פרמטרים'!$N$4,IF(EXACT(P42,'טבלת פרמטרים'!$M$5),'טבלת פרמטרים'!$N$5,IF(EXACT(P42,'טבלת פרמטרים'!$M$6),'טבלת פרמטרים'!$N$6,IF(EXACT(P42,'טבלת פרמטרים'!$M$7),'טבלת פרמטרים'!$N$7,IF(EXACT(P42,'טבלת פרמטרים'!$M$8),'טבלת פרמטרים'!$N$8,IF(EXACT(P42,'טבלת פרמטרים'!$M$9),'טבלת פרמטרים'!$N$9,"")))))))) | T42: =IF(EXACT(Q42,'טבלת פרמטרים'!$O$2),'טבלת פרמטרים'!$P$2,IF(EXACT(Q42,'טבלת פרמטרים'!$O$3),'טבלת פרמטרים'!$P$3,IF(EXACT(Q42,'טבלת פרמטרים'!$O$4),'טבלת פרמטרים'!$P$4,IF(EXACT(Q42,'טבלת פרמטרים'!$O$5),'טבלת פרמטרים'!$P$5,IF(EXACT(Q42,'טבלת פרמטרים'!$O$6),'טבלת פרמטרים'!$P$6,IF(EXACT(Q42,'טבלת פרמטרים'!$O$7),'טבלת פרמטרים'!$P$7,""))))))
A43: 42 | B43: 43018 | D43: מהלך טיפול | E43: נפגע | F43: נפגע יחיד | G43: חד פעמי | H43: טעות אנוש | I43: עבודת בוקר | J43: מאיץ1/מאיץ2 | K43: IMRT | L43: תיק רגיל | M43: יותר מפרמטר אחד | N43: שינוי נוהל קיים | O43: =IF(ISBLANK(D43),"",IF(D43='טבלת פרמטרים'!$A$9,1,0)+IF(E43='טבלת פרמטרים'!$B$5,2,1)+IF(F43='טבלת פרמטרים'!$C$5,3,IF(F43='טבלת פרמטרים'!$C$4,1,0))+IF(G43='טבלת פרמטרים'!$D$3,2,0)+IF(M43='טבלת פרמטרים'!$J$4,2,IF(M43='טבלת פרמטרים'!$J$3,1,0))+IF(N43='טבלת פרמטרים'!$K$6,3,IF(OR(N43='טבלת פרמטרים'!$K$4,N43='טבלת פרמטרים'!$K$5),2,IF(N43='טבלת פרמטרים'!$K$3,1,0)))) -> 8 | P43: לא נפגע | Q43: שוני במנה אבסולוטית מהמרשם קטן מ- 5% לכל איבר | R43: =IF(ISNUMBER(T43),T43+O43,O43) -> 9 | S43: =IF(EXACT(P43,'טבלת פרמטרים'!$M$2),'טבלת פרמטרים'!$N$2,IF(EXACT(P43,'טבלת פרמטרים'!$M$3),'טבלת פרמטרים'!$N$3,IF(EXACT(P43,'טבלת פרמטרים'!$M$4),'טבלת פרמטרים'!$N$4,IF(EXACT(P43,'טבלת פרמטרים'!$M$5),'טבלת פרמטרים'!$N$5,IF(EXACT(P43,'טבלת פרמטרים'!$M$6),'טבלת פרמטרים'!$N$6,IF(EXACT(P43,'טבלת פרמטרים'!$M$7),'טבלת פרמטרים'!$N$7,IF(EXACT(P43,'טבלת פרמטרים'!$M$8),'טבלת פרמטרים'!$N$8,IF(EXACT(P43,'טבלת פרמטרים'!$M$9),'טבלת פרמטרים'!$N$9,"")))))))) -> 0 | T43: =IF(EXACT(Q43,'טבלת פרמטרים'!$O$2),'טבלת פרמטרים'!$P$2,IF(EXACT(Q43,'טבלת פרמטרים'!$O$3),'טבלת פרמטרים'!$P$3,IF(EXACT(Q43,'טבלת פרמטרים'!$O$4),'טבלת פרמטרים'!$P$4,IF(EXACT(Q43,'טבלת פרמטרים'!$O$5),'טבלת פרמטרים'!$P$5,IF(EXACT(Q43,'טבלת פרמטרים'!$O$6),'טבלת פרמטרים'!$P$6,IF(EXACT(Q43,'טבלת פרמטרים'!$O$7),'טבלת פרמטרים'!$P$7,"")))))) -> 1
A44: 43 | B44: 43051 | D44: בקרת איכות | E44: מקרה בטיחות | F44: ללא נפגעים | G44: רב פעמי | H44: טעות אנוש | I44: עבודת בוקר | J44: מאיץ4/מאיץ5 | K44: 3D | L44: תיק רגיל | M44: יותר מפרמטר אחד | N44: חידוד נהל קיים | O44: =IF(ISBLANK(D44),"",IF(D44='טבלת פרמטרים'!$A$9,1,0)+IF(E44='טבלת פרמטרים'!$B$5,2,1)+IF(F44='טבלת פרמטרים'!$C$5,3,IF(F44='טבלת פרמטרים'!$C$4,1,0))+IF(G44='טבלת פרמטרים'!$D$3,2,0)+IF(M44='טבלת פרמטרים'!$J$4,2,IF(M44='טבלת פרמטרים'!$J$3,1,0))+IF(N44='טבלת פרמטרים'!$K$6,3,IF(OR(N44='טבלת פרמטרים'!$K$4,N44='טבלת פרמטרים'!$K$5),2,IF(N44='טבלת פרמטרים'!$K$3,1,0)))) -> 6 | P44: לא נפגע | Q44: לא רלוונטי | R44: =IF(ISNUMBER(T44),T44+O44,O44) -> 6 | S44: =IF(EXACT(P44,'טבלת פרמטרים'!$M$2),'טבלת פרמטרים'!$N$2,IF(EXACT(P44,'טבלת פרמטרים'!$M$3),'טבלת פרמטרים'!$N$3,IF(EXACT(P44,'טבלת פרמטרים'!$M$4),'טבלת פרמטרים'!$N$4,IF(EXACT(P44,'טבלת פרמטרים'!$M$5),'טבלת פרמטרים'!$N$5,IF(EXACT(P44,'טבלת פרמטרים'!$M$6),'טבלת פרמטרים'!$N$6,IF(EXACT(P44,'טבלת פרמטרים'!$M$7),'טבלת פרמטרים'!$N$7,IF(EXACT(P44,'טבלת פרמטרים'!$M$8),'טבלת פרמטרים'!$N$8,IF(EXACT(P44,'טבלת פרמטרים'!$M$9),'טבלת פרמטרים'!$N$9,"")))))))) -> 0 | T44: =IF(EXACT(Q44,'טבלת פרמטרים'!$O$2),'טבלת פרמטרים'!$P$2,IF(EXACT(Q44,'טבלת פרמטרים'!$O$3),'טבלת פרמטרים'!$P$3,IF(EXACT(Q44,'טבלת פרמטרים'!$O$4),'טבלת פרמטרים'!$P$4,IF(EXACT(Q44,'טבלת פרמטרים'!$O$5),'טבלת פרמטרים'!$P$5,IF(EXACT(Q44,'טבלת פרמטרים'!$O$6),'טבלת פרמטרים'!$P$6,IF(EXACT(Q44,'טבלת פרמטרים'!$O$7),'טבלת פרמטרים'!$P$7,"")))))) -> 0
A45: 44 | B45: 43076 | D45: מהלך טיפול | E45: מקרה בטיחות | F45: ללא נפגעים | G45: רב פעמי | H45: תרבות עבודה | I45: עבודת ערב | J45: מאיץ4/מאיץ5 | K45: 3D | L45: תיק רגיל | M45: פרמטר יחיד | N45: חידוד נהל קיים | O45: =IF(ISBLANK(D45),"",IF(D45='טבלת פרמטרים'!$A$9,1,0)+IF(E45='טבלת פרמטרים'!$B$5,2,1)+IF(F45='טבלת פרמטרים'!$C$5,3,IF(F45='טבלת פרמטרים'!$C$4,1,0))+IF(G45='טבלת פרמטרים'!$D$3,2,0)+IF(M45='טבלת פרמטרים'!$J$4,2,IF(M45='טבלת פרמטרים'!$J$3,1,0))+IF(N45='טבלת פרמטרים'!$K$6,3,IF(OR(N45='טבלת פרמטרים'!$K$4,N45='טבלת פרמטרים'!$K$5),2,IF(N45='טבלת פרמטרים'!$K$3,1,0)))) -> 6 | P45: לא נפגע | Q45: לא רלוונטי | R45: =IF(ISNUMBER(T45),T45+O45,O45) -> 6 | S45: =IF(EXACT(P45,'טבלת פרמטרים'!$M$2),'טבלת פרמטרים'!$N$2,IF(EXACT(P45,'טבלת פרמטרים'!$M$3),'טבלת פרמטרים'!$N$3,IF(EXACT(P45,'טבלת פרמטרים'!$M$4),'טבלת פרמטרים'!$N$4,IF(EXACT(P45,'טבלת פרמטרים'!$M$5),'טבלת פרמטרים'!$N$5,IF(EXACT(P45,'טבלת פרמטרים'!$M$6),'טבלת פרמטרים'!$N$6,IF(EXACT(P45,'טבלת פרמטרים'!$M$7),'טבלת פרמטרים'!$N$7,IF(EXACT(P45,'טבלת פרמטרים'!$M$8),'טבלת פרמטרים'!$N$8,IF(EXACT(P45,'טבלת פרמטרים'!$M$9),'טבלת פרמטרים'!$N$9,"")))))))) -> 0 | T45: =IF(EXACT(Q45,'טבלת פרמטרים'!$O$2),'טבלת פרמטרים'!$P$2,IF(EXACT(Q45,'טבלת פרמטרים'!$O$3),'טבלת פרמטרים'!$P$3,IF(EXACT(Q45,'טבלת פרמטרים'!$O$4),'טבלת פרמטרים'!$P$4,IF(EXACT(Q45,'טבלת פרמטרים'!$O$5),'טבלת פרמטרים'!$P$5,IF(EXACT(Q45,'טבלת פרמטרים'!$O$6),'טבלת פרמטרים'!$P$6,IF(EXACT(Q45,'טבלת פרמטרים'!$O$7),'טבלת פרמטרים'!$P$7,"")))))) -> 0
A46: 45 | B46: 43065 | D46: סימולציה | E46: מקרה בטיחות | F46: ללא נפגעים | G46: חד פעמי | H46: תרבות עבודה | I46: עבודת בוקר | J46: סימולציה | K46: SBRT | L46: תיק רגיל | M46: ללא | N46: חידוד נהל קיים | O46: =IF(ISBLANK(D46),"",IF(D46='טבלת פרמטרים'!$A$9,1,0)+IF(E46='טבלת פרמטרים'!$B$5,2,1)+IF(F46='טבלת פרמטרים'!$C$5,3,IF(F46='טבלת פרמטרים'!$C$4,1,0))+IF(G46='טבלת פרמטרים'!$D$3,2,0)+IF(M46='טבלת פרמטרים'!$J$4,2,IF(M46='טבלת פרמטרים'!$J$3,1,0))+IF(N46='טבלת פרמטרים'!$K$6,3,IF(OR(N46='טבלת פרמטרים'!$K$4,N46='טבלת פרמטרים'!$K$5),2,IF(N46='טבלת פרמטרים'!$K$3,1,0)))) -> 2 | P46: לא נפגע | Q46: לא רלוונטי | R46: =IF(ISNUMBER(T46),T46+O46,O46) -> 2 | S46: =IF(EXACT(P46,'טבלת פרמטרים'!$M$2),'טבלת פרמטרים'!$N$2,IF(EXACT(P46,'טבלת פרמטרים'!$M$3),'טבלת פרמטרים'!$N$3,IF(EXACT(P46,'טבלת פרמטרים'!$M$4),'טבלת פרמטרים'!$N$4,IF(EXACT(P46,'טבלת פרמטרים'!$M$5),'טבלת פרמטרים'!$N$5,IF(EXACT(P46,'טבלת פרמטרים'!$M$6),'טבלת פרמטרים'!$N$6,IF(EXACT(P46,'טבלת פרמטרים'!$M$7),'טבלת פרמטרים'!$N$7,IF(EXACT(P46,'טבלת פרמטרים'!$M$8),'טבלת פרמטרים'!$N$8,IF(EXACT(P46,'טבלת פרמטרים'!$M$9),'טבלת פרמטרים'!$N$9,"")))))))) -> 0 | T46: =IF(EXACT(Q46,'טבלת פרמטרים'!$O$2),'טבלת פרמטרים'!$P$2,IF(EXACT(Q46,'טבלת פרמטרים'!$O$3),'טבלת פרמטרים'!$P$3,IF(EXACT(Q46,'טבלת פרמטרים'!$O$4),'טבלת פרמטרים'!$P$4,IF(EXACT(Q46,'טבלת פרמטרים'!$O$5),'טבלת פרמטרים'!$P$5,IF(EXACT(Q46,'טבלת פרמטרים'!$O$6),'טבלת פרמטרים'!$P$6,IF(EXACT(Q46,'טבלת פרמטרים'!$O$7),'טבלת פרמטרים'!$P$7,"")))))) -> 0
A47: 46 | B47: 43116 | D47: לפני טיפול | E47: מנהלי | F47: ללא נפגעים | G47: חד פעמי | H47: תקשורת | I47: עבודת בוקר | J47: מאיץ4/מאיץ5 | K47: IMRT | L47: תיק רגיל | M47: פרמטר יחיד | N47: חידוד נהל קיים | O47: =IF(ISBLANK(D47),"",IF(D47='טבלת פרמטרים'!$A$9,1,0)+IF(E47='טבלת פרמטרים'!$B$5,2,1)+IF(F47='טבלת פרמטרים'!$C$5,3,IF(F47='טבלת פרמטרים'!$C$4,1,0))+IF(G47='טבלת פרמטרים'!$D$3,2,0)+IF(M47='טבלת פרמטרים'!$J$4,2,IF(M47='טבלת פרמטרים'!$J$3,1,0))+IF(N47='טבלת פרמטרים'!$K$6,3,IF(OR(N47='טבלת פרמטרים'!$K$4,N47='טבלת פרמטרים'!$K$5),2,IF(N47='טבלת פרמטרים'!$K$3,1,0)))) -> 3 | P47: לא נפגע | Q47: לא רלוונטי | R47: =IF(ISNUMBER(T47),T47+O47,O47) -> 3 | S47: =IF(EXACT(P47,'טבלת פרמטרים'!$M$2),'טבלת פרמטרים'!$N$2,IF(EXACT(P47,'טבלת פרמטרים'!$M$3),'טבלת פרמטרים'!$N$3,IF(EXACT(P47,'טבלת פרמטרים'!$M$4),'טבלת פרמטרים'!$N$4,IF(EXACT(P47,'טבלת פרמטרים'!$M$5),'טבלת פרמטרים'!$N$5,IF(EXACT(P47,'טבלת פרמטרים'!$M$6),'טבלת פרמטרים'!$N$6,IF(EXACT(P47,'טבלת פרמטרים'!$M$7),'טבלת פרמטרים'!$N$7,IF(EXACT(P47,'טבלת פרמטרים'!$M$8),'טבלת פרמטרים'!$N$8,IF(EXACT(P47,'טבלת פרמטרים'!$M$9),'טבלת פרמטרים'!$N$9,"")))))))) -> 0 | T47: =IF(EXACT(Q47,'טבלת פרמטרים'!$O$2),'טבלת פרמטרים'!$P$2,IF(EXACT(Q47,'טבלת פרמטרים'!$O$3),'טבלת פרמטרים'!$P$3,IF(EXACT(Q47,'טבלת פרמטרים'!$O$4),'טבלת פרמטרים'!$P$4,IF(EXACT(Q47,'טבלת פרמטרים'!$O$5),'טבלת פרמטרים'!$P$5,IF(EXACT(Q47,'טבלת פרמטרים'!$O$6),'טבלת פרמטרים'!$P$6,IF(EXACT(Q47,'טבלת פרמטרים'!$O$7),'טבלת פרמטרים'!$P$7,"")))))) -> 0
A48: 47 | B48: 43070 | D48: מהלך טיפול | E48: נפגע | F48: נפגע יחיד | G48: רב פעמי | H48: תקשורת | I48: עבודת בוקר | J48: מאיץ1/מאיץ2 | K48: IMRT | L48: תיק רגיל | M48: יותר מפרמטר אחד | N48: שינוי נוהל קיים | O48: =IF(ISBLANK(D48),"",IF(D48='טבלת פרמטרים'!$A$9,1,0)+IF(E48='טבלת פרמטרים'!$B$5,2,1)+IF(F48='טבלת פרמטרים'!$C$5,3,IF(F48='טבלת פרמטרים'!$C$4,1,0))+IF(G48='טבלת פרמטרים'!$D$3,2,0)+IF(M48='טבלת פרמטרים'!$J$4,2,IF(M48='טבלת פרמטרים'!$J$3,1,0))+IF(N48='טבלת פרמטרים'!$K$6,3,IF(OR(N48='טבלת פרמטרים'!$K$4,N48='טבלת פרמטרים'!$K$5),2,IF(N48='טבלת פרמטרים'!$K$3,1,0)))) -> 10 | R48: =IF(ISNUMBER(T48),T48+O48,O48) -> 10 | S48: =IF(EXACT(P48,'טבלת פרמטרים'!$M$2),'טבלת פרמטרים'!$N$2,IF(EXACT(P48,'טבלת פרמטרים'!$M$3),'טבלת פרמטרים'!$N$3,IF(EXACT(P48,'טבלת פרמטרים'!$M$4),'טבלת פרמטרים'!$N$4,IF(EXACT(P48,'טבלת פרמטרים'!$M$5),'טבלת פרמטרים'!$N$5,IF(EXACT(P48,'טבלת פרמטרים'!$M$6),'טבלת פרמטרים'!$N$6,IF(EXACT(P48,'טבלת פרמטרים'!$M$7),'טבלת פרמטרים'!$N$7,IF(EXACT(P48,'טבלת פרמטרים'!$M$8),'טבלת פרמטרים'!$N$8,IF(EXACT(P48,'טבלת פרמטרים'!$M$9),'טבלת פרמטרים'!$N$9,"")))))))) | T48: =IF(EXACT(Q48,'טבלת פרמטרים'!$O$2),'טבלת פרמטרים'!$P$2,IF(EXACT(Q48,'טבלת פרמטרים'!$O$3),'טבלת פרמטרים'!$P$3,IF(EXACT(Q48,'טבלת פרמטרים'!$O$4),'טבלת פרמטרים'!$P$4,IF(EXACT(Q48,'טבלת פרמטרים'!$O$5),'טבלת פרמטרים'!$P$5,IF(EXACT(Q48,'טבלת פרמטרים'!$O$6),'טבלת פרמטרים'!$P$6,IF(EXACT(Q48,'טבלת פרמטרים'!$O$7),'טבלת פרמטרים'!$P$7,""))))))
A49: 48 | B49: 43107 | D49: מהלך טיפול | E49: מקרה בטיחות | F49: ללא נפגעים | G49: חד פעמי | H49: תקשורת | I49: עבודת בוקר | J49: מאיץ4/מאיץ5 | K49: 3D | L49: תיק רגיל | M49: יותר מפרמטר אחד | N49: חידוד נהל קיים | O49: =IF(ISBLANK(D49),"",IF(D49='טבלת פרמטרים'!$A$9,1,0)+IF(E49='טבלת פרמטרים'!$B$5,2,1)+IF(F49='טבלת פרמטרים'!$C$5,3,IF(F49='טבלת פרמטרים'!$C$4,1,0))+IF(G49='טבלת פרמטרים'!$D$3,2,0)+IF(M49='טבלת פרמטרים'!$J$4,2,IF(M49='טבלת פרמטרים'!$J$3,1,0))+IF(N49='טבלת פרמטרים'!$K$6,3,IF(OR(N49='טבלת פרמטרים'!$K$4,N49='טבלת פרמטרים'!$K$5),2,IF(N49='טבלת פרמטרים'!$K$3,1,0)))) -> 5 | P49: לא נפגע | Q49: לא רלוונטי | R49: =IF(ISNUMBER(T49),T49+O49,O49) -> 5 | S49: =IF(EXACT(P49,'טבלת פרמטרים'!$M$2),'טבלת פרמטרים'!$N$2,IF(EXACT(P49,'טבלת פרמטרים'!$M$3),'טבלת פרמטרים'!$N$3,IF(EXACT(P49,'טבלת פרמטרים'!$M$4),'טבלת פרמטרים'!$N$4,IF(EXACT(P49,'טבלת פרמטרים'!$M$5),'טבלת פרמטרים'!$N$5,IF(EXACT(P49,'טבלת פרמטרים'!$M$6),'טבלת פרמטרים'!$N$6,IF(EXACT(P49,'טבלת פרמטרים'!$M$7),'טבלת פרמטרים'!$N$7,IF(EXACT(P49,'טבלת פרמטרים'!$M$8),'טבלת פרמטרים'!$N$8,IF(EXACT(P49,'טבלת פרמטרים'!$M$9),'טבלת פרמטרים'!$N$9,"")))))))) -> 0 | T49: =IF(EXACT(Q49,'טבלת פרמטרים'!$O$2),'טבלת פרמטרים'!$P$2,IF(EXACT(Q49,'טבלת פרמטרים'!$O$3),'טבלת פרמטרים'!$P$3,IF(EXACT(Q49,'טבלת פרמטרים'!$O$4),'טבלת פרמטרים'!$P$4,IF(EXACT(Q49,'טבלת פרמטרים'!$O$5),'טבלת פרמטרים'!$P$5,IF(EXACT(Q49,'טבלת פרמטרים'!$O$6),'טבלת פרמטרים'!$P$6,IF(EXACT(Q49,'טבלת פרמטרים'!$O$7),'טבלת פרמטרים'!$P$7,"")))))) -> 0
A50: 49 | B50: 43101 | D50: אחר | E50: מנהלי | F50: ללא נפגעים | G50: חד פעמי | H50: תרבות עבודה | I50: עבודת ערב | J50: מאיץ4/מאיץ5 | K50: סימון קליני | L50: תיק מהיר | M50: ללא | N50: שינוי נוהל קיים | O50: =IF(ISBLANK(D50),"",IF(D50='טבלת פרמטרים'!$A$9,1,0)+IF(E50='טבלת פרמטרים'!$B$5,2,1)+IF(F50='טבלת פרמטרים'!$C$5,3,IF(F50='טבלת פרמטרים'!$C$4,1,0))+IF(G50='טבלת פרמטרים'!$D$3,2,0)+IF(M50='טבלת פרמטרים'!$J$4,2,IF(M50='טבלת פרמטרים'!$J$3,1,0))+IF(N50='טבלת פרמטרים'!$K$6,3,IF(OR(N50='טבלת פרמטרים'!$K$4,N50='טבלת פרמטרים'!$K$5),2,IF(N50='טבלת פרמטרים'!$K$3,1,0)))) -> 3 | P50: לא נפגע | Q50: לא רלוונטי | R50: =IF(ISNUMBER(T50),T50+O50,O50) -> 3 | S50: =IF(EXACT(P50,'טבלת פרמטרים'!$M$2),'טבלת פרמטרים'!$N$2,IF(EXACT(P50,'טבלת פרמטרים'!$M$3),'טבלת פרמטרים'!$N$3,IF(EXACT(P50,'טבלת פרמטרים'!$M$4),'טבלת פרמטרים'!$N$4,IF(EXACT(P50,'טבלת פרמטרים'!$M$5),'טבלת פרמטרים'!$N$5,IF(EXACT(P50,'טבלת פרמטרים'!$M$6),'טבלת פרמטרים'!$N$6,IF(EXACT(P50,'טבלת פרמטרים'!$M$7),'טבלת פרמטרים'!$N$7,IF(EXACT(P50,'טבלת פרמטרים'!$M$8),'טבלת פרמטרים'!$N$8,IF(EXACT(P50,'טבלת פרמטרים'!$M$9),'טבלת פרמטרים'!$N$9,"")))))))) -> 0 | T50: =IF(EXACT(Q50,'טבלת פרמטרים'!$O$2),'טבלת פרמטרים'!$P$2,IF(EXACT(Q50,'טבלת פרמטרים'!$O$3),'טבלת פרמטרים'!$P$3,IF(EXACT(Q50,'טבלת פרמטרים'!$O$4),'טבלת פרמטרים'!$P$4,IF(EXACT(Q50,'טבלת פרמטרים'!$O$5),'טבלת פרמטרים'!$P$5,IF(EXACT(Q50,'טבלת פרמטרים'!$O$6),'טבלת פרמטרים'!$P$6,IF(EXACT(Q50,'טבלת פרמטרים'!$O$7),'טבלת פרמטרים'!$P$7,"")))))) -> 0
A51: 50 | B51: 43090 | D51: מהלך טיפול | E51: נפגע | F51: נפגע יחיד | G51: חד פעמי | H51: תקשורת | I51: עבודת ערב | J51: מאיץ4/מאיץ5 | K51: 3D | L51: תיק רגיל | M51: יותר מפרמטר אחד | N51: שינוי נוהל קיים | O51: =IF(ISBLANK(D51),"",IF(D51='טבלת פרמטרים'!$A$9,1,0)+IF(E51='טבלת פרמטרים'!$B$5,2,1)+IF(F51='טבלת פרמטרים'!$C$5,3,IF(F51='טבלת פרמטרים'!$C$4,1,0))+IF(G51='טבלת פרמטרים'!$D$3,2,0)+IF(M51='טבלת פרמטרים'!$J$4,2,IF(M51='טבלת פרמטרים'!$J$3,1,0))+IF(N51='טבלת פרמטרים'!$K$6,3,IF(OR(N51='טבלת פרמטרים'!$K$4,N51='טבלת פרמטרים'!$K$5),2,IF(N51='טבלת פרמטרים'!$K$3,1,0)))) -> 8 | P51: לא נפגע | Q51: שוני במנה אבסולוטית מהמרשם קטן מ- 5% לכל איבר | R51: =IF(ISNUMBER(T51),T51+O51,O51) -> 9 | S51: =IF(EXACT(P51,'טבלת פרמטרים'!$M$2),'טבלת פרמטרים'!$N$2,IF(EXACT(P51,'טבלת פרמטרים'!$M$3),'טבלת פרמטרים'!$N$3,IF(EXACT(P51,'טבלת פרמטרים'!$M$4),'טבלת פרמטרים'!$N$4,IF(EXACT(P51,'טבלת פרמטרים'!$M$5),'טבלת פרמטרים'!$N$5,IF(EXACT(P51,'טבלת פרמטרים'!$M$6),'טבלת פרמטרים'!$N$6,IF(EXACT(P51,'טבלת פרמטרים'!$M$7),'טבלת פרמטרים'!$N$7,IF(EXACT(P51,'טבלת פרמטרים'!$M$8),'טבלת פרמטרים'!$N$8,IF(EXACT(P51,'טבלת פרמטרים'!$M$9),'טבלת פרמטרים'!$N$9,"")))))))) -> 0 | T51: =IF(EXACT(Q51,'טבלת פרמטרים'!$O$2),'טבלת פרמטרים'!$P$2,IF(EXACT(Q51,'טבלת פרמטרים'!$O$3),'טבלת פרמטרים'!$P$3,IF(EXACT(Q51,'טבלת פרמטרים'!$O$4),'טבלת פרמטרים'!$P$4,IF(EXACT(Q51,'טבלת פרמטרים'!$O$5),'טבלת פרמטרים'!$P$5,IF(EXACT(Q51,'טבלת פרמטרים'!$O$6),'טבלת פרמטרים'!$P$6,IF(EXACT(Q51,'טבלת פרמטרים'!$O$7),'טבלת פרמטרים'!$P$7,"")))))) -> 1
A52: 51 | B52: 43110 | C52: 43110 | D52: סימולציה | E52: מנהלי | F52: ללא נפגעים | G52: חד פעמי | H52: תקשורת | I52: עבודת בוקר | J52: סימולציה | K52: IMRT | L52: תיק רגיל | M52: ללא | N52: ללא שינוי | O52: =IF(ISBLANK(D52),"",IF(D52='טבלת פרמטרים'!$A$9,1,0)+IF(E52='טבלת פרמטרים'!$B$5,2,1)+IF(F52='טבלת פרמטרים'!$C$5,3,IF(F52='טבלת פרמטרים'!$C$4,1,0))+IF(G52='טבלת פרמטרים'!$D$3,2,0)+IF(M52='טבלת פרמטרים'!$J$4,2,IF(M52='טבלת פרמטרים'!$J$3,1,0))+IF(N52='טבלת פרמטרים'!$K$6,3,IF(OR(N52='טבלת פרמטרים'!$K$4,N52='טבלת פרמטרים'!$K$5),2,IF(N52='טבלת פרמטרים'!$K$3,1,0)))) -> 1 | P52: לא נפגע | Q52: לא רלוונטי | R52: =IF(ISNUMBER(T52),T52+O52,O52) -> 1 | S52: =IF(EXACT(P52,'טבלת פרמטרים'!$M$2),'טבלת פרמטרים'!$N$2,IF(EXACT(P52,'טבלת פרמטרים'!$M$3),'טבלת פרמטרים'!$N$3,IF(EXACT(P52,'טבלת פרמטרים'!$M$4),'טבלת פרמטרים'!$N$4,IF(EXACT(P52,'טבלת פרמטרים'!$M$5),'טבלת פרמטרים'!$N$5,IF(EXACT(P52,'טבלת פרמטרים'!$M$6),'טבלת פרמטרים'!$N$6,IF(EXACT(P52,'טבלת פרמטרים'!$M$7),'טבלת פרמטרים'!$N$7,IF(EXACT(P52,'טבלת פרמטרים'!$M$8),'טבלת פרמטרים'!$N$8,IF(EXACT(P52,'טבלת פרמטרים'!$M$9),'טבלת פרמטרים'!$N$9,"")))))))) -> 0 | T52: =IF(EXACT(Q52,'טבלת פרמטרים'!$O$2),'טבלת פרמטרים'!$P$2,IF(EXACT(Q52,'טבלת פרמטרים'!$O$3),'טבלת פרמטרים'!$P$3,IF(EXACT(Q52,'טבלת פרמטרים'!$O$4),'טבלת פרמטרים'!$P$4,IF(EXACT(Q52,'טבלת פרמטרים'!$O$5),'טבלת פרמטרים'!$P$5,IF(EXACT(Q52,'טבלת פרמטרים'!$O$6),'טבלת פרמטרים'!$P$6,IF(EXACT(Q52,'טבלת פרמטרים'!$O$7),'טבלת פרמטרים'!$P$7,"")))))) -> 0
A53: 52 | B53: 43102 | D53: תכנון | E53: מנהלי | F53: ללא נפגעים | G53: חד פעמי | H53: טעות אנוש | I53: עבודת ערב | J53: מאיץ4/מאיץ5 | K53: 3D | L53: תיק דחוף | M53: פרמטר יחיד | N53: ללא שינוי | O53: =IF(ISBLANK(D53),"",IF(D53='טבלת פרמטרים'!$A$9,1,0)+IF(E53='טבלת פרמטרים'!$B$5,2,1)+IF(F53='טבלת פרמטרים'!$C$5,3,IF(F53='טבלת פרמטרים'!$C$4,1,0))+IF(G53='טבלת פרמטרים'!$D$3,2,0)+IF(M53='טבלת פרמטרים'!$J$4,2,IF(M53='טבלת פרמטרים'!$J$3,1,0))+IF(N53='טבלת פרמטרים'!$K$6,3,IF(OR(N53='טבלת פרמטרים'!$K$4,N53='טבלת פרמטרים'!$K$5),2,IF(N53='טבלת פרמטרים'!$K$3,1,0)))) -> 2 | P53: לא נפגע | Q53: לא רלוונטי | R53: =IF(ISNUMBER(T53),T53+O53,O53) -> 2 | S53: =IF(EXACT(P53,'טבלת פרמטרים'!$M$2),'טבלת פרמטרים'!$N$2,IF(EXACT(P53,'טבלת פרמטרים'!$M$3),'טבלת פרמטרים'!$N$3,IF(EXACT(P53,'טבלת פרמטרים'!$M$4),'טבלת פרמטרים'!$N$4,IF(EXACT(P53,'טבלת פרמטרים'!$M$5),'טבלת פרמטרים'!$N$5,IF(EXACT(P53,'טבלת פרמטרים'!$M$6),'טבלת פרמטרים'!$N$6,IF(EXACT(P53,'טבלת פרמטרים'!$M$7),'טבלת פרמטרים'!$N$7,IF(EXACT(P53,'טבלת פרמטרים'!$M$8),'טבלת פרמטרים'!$N$8,IF(EXACT(P53,'טבלת פרמטרים'!$M$9),'טבלת פרמטרים'!$N$9,"")))))))) -> 0 | T53: =IF(EXACT(Q53,'טבלת פרמטרים'!$O$2),'טבלת פרמטרים'!$P$2,IF(EXACT(Q53,'טבלת פרמטרים'!$O$3),'טבלת פרמטרים'!$P$3,IF(EXACT(Q53,'טבלת פרמטרים'!$O$4),'טבלת פרמטרים'!$P$4,IF(EXACT(Q53,'טבלת פרמטרים'!$O$5),'טבלת פרמטרים'!$P$5,IF(EXACT(Q53,'טבלת פרמטרים'!$O$6),'טבלת פרמטרים'!$P$6,IF(EXACT(Q53,'טבלת פרמטרים'!$O$7),'טבלת פרמטרים'!$P$7,"")))))) -> 0
A54: 53 | B54: 42932 | D54: מהלך טיפול | E54: מקרה בטיחות | F54: ללא נפגעים | G54: חד פעמי | H54: תקלה טכנית | I54: עבודת בוקר | J54: מאיץ1/מאיץ2 | K54: SBRT | L54: תיק רגיל | M54: ללא | N54: נהל חדש | O54: =IF(ISBLANK(D54),"",IF(D54='טבלת פרמטרים'!$A$9,1,0)+IF(E54='טבלת פרמטרים'!$B$5,2,1)+IF(F54='טבלת פרמטרים'!$C$5,3,IF(F54='טבלת פרמטרים'!$C$4,1,0))+IF(G54='טבלת פרמטרים'!$D$3,2,0)+IF(M54='טבלת פרמטרים'!$J$4,2,IF(M54='טבלת פרמטרים'!$J$3,1,0))+IF(N54='טבלת פרמטרים'!$K$6,3,IF(OR(N54='טבלת פרמטרים'!$K$4,N54='טבלת פרמטרים'!$K$5),2,IF(N54='טבלת פרמטרים'!$K$3,1,0)))) -> 4 | P54: לא נפגע | Q54: לא רלוונטי | R54: =IF(ISNUMBER(T54),T54+O54,O54) -> 4 | S54: =IF(EXACT(P54,'טבלת פרמטרים'!$M$2),'טבלת פרמטרים'!$N$2,IF(EXACT(P54,'טבלת פרמטרים'!$M$3),'טבלת פרמטרים'!$N$3,IF(EXACT(P54,'טבלת פרמטרים'!$M$4),'טבלת פרמטרים'!$N$4,IF(EXACT(P54,'טבלת פרמטרים'!$M$5),'טבלת פרמטרים'!$N$5,IF(EXACT(P54,'טבלת פרמטרים'!$M$6),'טבלת פרמטרים'!$N$6,IF(EXACT(P54,'טבלת פרמטרים'!$M$7),'טבלת פרמטרים'!$N$7,IF(EXACT(P54,'טבלת פרמטרים'!$M$8),'טבלת פרמטרים'!$N$8,IF(EXACT(P54,'טבלת פרמטרים'!$M$9),'טבלת פרמטרים'!$N$9,"")))))))) -> 0 | T54: =IF(EXACT(Q54,'טבלת פרמטרים'!$O$2),'טבלת פרמטרים'!$P$2,IF(EXACT(Q54,'טבלת פרמטרים'!$O$3),'טבלת פרמטרים'!$P$3,IF(EXACT(Q54,'טבלת פרמטרים'!$O$4),'טבלת פרמטרים'!$P$4,IF(EXACT(Q54,'טבלת פרמטרים'!$O$5),'טבלת פרמטרים'!$P$5,IF(EXACT(Q54,'טבלת פרמטרים'!$O$6),'טבלת פרמטרים'!$P$6,IF(EXACT(Q54,'טבלת פרמטרים'!$O$7),'טבלת פרמטרים'!$P$7,"")))))) -> 0
A55: 54 | B55: 42904 | D55: מעקב | E55: נפגע | F55: נפגע יחיד | G55: רב פעמי | H55: תרבות עבודה | I55: עבודת בוקר | J55: מאיץ4/מאיץ5 | K55: IMRT | L55: תיק רגיל | M55: ללא | N55: חידוד נהל קיים | O55: =IF(ISBLANK(D55),"",IF(D55='טבלת פרמטרים'!$A$9,1,0)+IF(E55='טבלת פרמטרים'!$B$5,2,1)+IF(F55='טבלת פרמטרים'!$C$5,3,IF(F55='טבלת פרמטרים'!$C$4,1,0))+IF(G55='טבלת פרמטרים'!$D$3,2,0)+IF(M55='טבלת פרמטרים'!$J$4,2,IF(M55='טבלת פרמטרים'!$J$3,1,0))+IF(N55='טבלת פרמטרים'!$K$6,3,IF(OR(N55='טבלת פרמטרים'!$K$4,N55='טבלת פרמטרים'!$K$5),2,IF(N55='טבלת פרמטרים'!$K$3,1,0)))) -> 6 | P55: לא נפגע | Q55: שוני במנה אבסולוטית מהמרשם בין 10% ל- 25% לכל איבר | R55: =IF(ISNUMBER(T55),T55+O55,O55) -> 12 | S55: =IF(EXACT(P55,'טבלת פרמטרים'!$M$2),'טבלת פרמטרים'!$N$2,IF(EXACT(P55,'טבלת פרמטרים'!$M$3),'טבלת פרמטרים'!$N$3,IF(EXACT(P55,'טבלת פרמטרים'!$M$4),'טבלת פרמטרים'!$N$4,IF(EXACT(P55,'טבלת פרמטרים'!$M$5),'טבלת פרמטרים'!$N$5,IF(EXACT(P55,'טבלת פרמטרים'!$M$6),'טבלת פרמטרים'!$N$6,IF(EXACT(P55,'טבלת פרמטרים'!$M$7),'טבלת פרמטרים'!$N$7,IF(EXACT(P55,'טבלת פרמטרים'!$M$8),'טבלת פרמטרים'!$N$8,IF(EXACT(P55,'טבלת פרמטרים'!$M$9),'טבלת פרמטרים'!$N$9,"")))))))) -> 0 | T55: =IF(EXACT(Q55,'טבלת פרמטרים'!$O$2),'טבלת פרמטרים'!$P$2,IF(EXACT(Q55,'טבלת פרמטרים'!$O$3),'טבלת פרמטרים'!$P$3,IF(EXACT(Q55,'טבלת פרמטרים'!$O$4),'טבלת פרמטרים'!$P$4,IF(EXACT(Q55,'טבלת פרמטרים'!$O$5),'טבלת פרמטרים'!$P$5,IF(EXACT(Q55,'טבלת פרמטרים'!$O$6),'טבלת פרמטרים'!$P$6,IF(EXACT(Q55,'טבלת פרמטרים'!$O$7),'טבלת פרמטרים'!$P$7,"")))))) -> 6
A56: 55 | B56: 43107 | C56: 43107 | D56: מרשם | E56: מקרה בטיחות | F56: ללא נפגעים | G56: חד פעמי | H56: תרבות עבודה | I56: עבודת בוקר | J56: מאיץ1/מאיץ2 | K56: SBRT | L56: תיק רגיל | M56: ללא | N56: חידוד נהל קיים | O56: =IF(ISBLANK(D56),"",IF(D56='טבלת פרמטרים'!$A$9,1,0)+IF(E56='טבלת פרמטרים'!$B$5,2,1)+IF(F56='טבלת פרמטרים'!$C$5,3,IF(F56='טבלת פרמטרים'!$C$4,1,0))+IF(G56='טבלת פרמטרים'!$D$3,2,0)+IF(M56='טבלת פרמטרים'!$J$4,2,IF(M56='טבלת פרמטרים'!$J$3,1,0))+IF(N56='טבלת פרמטרים'!$K$6,3,IF(OR(N56='טבלת פרמטרים'!$K$4,N56='טבלת פרמטרים'!$K$5),2,IF(N56='טבלת פרמטרים'!$K$3,1,0)))) -> 2 | R56: =IF(ISNUMBER(T56),T56+O56,O56) -> 2 | S56: =IF(EXACT(P56,'טבלת פרמטרים'!$M$2),'טבלת פרמטרים'!$N$2,IF(EXACT(P56,'טבלת פרמטרים'!$M$3),'טבלת פרמטרים'!$N$3,IF(EXACT(P56,'טבלת פרמטרים'!$M$4),'טבלת פרמטרים'!$N$4,IF(EXACT(P56,'טבלת פרמטרים'!$M$5),'טבלת פרמטרים'!$N$5,IF(EXACT(P56,'טבלת פרמטרים'!$M$6),'טבלת פרמטרים'!$N$6,IF(EXACT(P56,'טבלת פרמטרים'!$M$7),'טבלת פרמטרים'!$N$7,IF(EXACT(P56,'טבלת פרמטרים'!$M$8),'טבלת פרמטרים'!$N$8,IF(EXACT(P56,'טבלת פרמטרים'!$M$9),'טבלת פרמטרים'!$N$9,"")))))))) | T56: =IF(EXACT(Q56,'טבלת פרמטרים'!$O$2),'טבלת פרמטרים'!$P$2,IF(EXACT(Q56,'טבלת פרמטרים'!$O$3),'טבלת פרמטרים'!$P$3,IF(EXACT(Q56,'טבלת פרמטרים'!$O$4),'טבלת פרמטרים'!$P$4,IF(EXACT(Q56,'טבלת פרמטרים'!$O$5),'טבלת פרמטרים'!$P$5,IF(EXACT(Q56,'טבלת פרמטרים'!$O$6),'טבלת פרמטרים'!$P$6,IF(EXACT(Q56,'טבלת פרמטרים'!$O$7),'טבלת פרמטרים'!$P$7,""))))))
A57: 56 | B57: 43124 | C57: 43124 | D57: סימולציה | E57: מקרה בטיחות | F57: ללא נפגעים | G57: חד פעמי | H57: טעות אנוש | I57: עבודת בוקר | J57: סימולציה | K57: 3D | L57: תיק רגיל | M57: ללא | N57: חידוד נהל קיים | O57: =IF(ISBLANK(D57),"",IF(D57='טבלת פרמטרים'!$A$9,1,0)+IF(E57='טבלת פרמטרים'!$B$5,2,1)+IF(F57='טבלת פרמטרים'!$C$5,3,IF(F57='טבלת פרמטרים'!$C$4,1,0))+IF(G57='טבלת פרמטרים'!$D$3,2,0)+IF(M57='טבלת פרמטרים'!$J$4,2,IF(M57='טבלת פרמטרים'!$J$3,1,0))+IF(N57='טבלת פרמטרים'!$K$6,3,IF(OR(N57='טבלת פרמטרים'!$K$4,N57='טבלת פרמטרים'!$K$5),2,IF(N57='טבלת פרמטרים'!$K$3,1,0)))) -> 2 | R57: =IF(ISNUMBER(T57),T57+O57,O57) -> 2 | S57: =IF(EXACT(P57,'טבלת פרמטרים'!$M$2),'טבלת פרמטרים'!$N$2,IF(EXACT(P57,'טבלת פרמטרים'!$M$3),'טבלת פרמטרים'!$N$3,IF(EXACT(P57,'טבלת פרמטרים'!$M$4),'טבלת פרמטרים'!$N$4,IF(EXACT(P57,'טבלת פרמטרים'!$M$5),'טבלת פרמטרים'!$N$5,IF(EXACT(P57,'טבלת פרמטרים'!$M$6),'טבלת פרמטרים'!$N$6,IF(EXACT(P57,'טבלת פרמטרים'!$M$7),'טבלת פרמטרים'!$N$7,IF(EXACT(P57,'טבלת פרמטרים'!$M$8),'טבלת פרמטרים'!$N$8,IF(EXACT(P57,'טבלת פרמטרים'!$M$9),'טבלת פרמטרים'!$N$9,"")))))))) | T57: =IF(EXACT(Q57,'טבלת פרמטרים'!$O$2),'טבלת פרמטרים'!$P$2,IF(EXACT(Q57,'טבלת פרמטרים'!$O$3),'טבלת פרמטרים'!$P$3,IF(EXACT(Q57,'טבלת פרמטרים'!$O$4),'טבלת פרמטרים'!$P$4,IF(EXACT(Q57,'טבלת פרמטרים'!$O$5),'טבלת פרמטרים'!$P$5,IF(EXACT(Q57,'טבלת פרמטרים'!$O$6),'טבלת פרמטרים'!$P$6,IF(EXACT(Q57,'טבלת פרמטרים'!$O$7),'טבלת פרמטרים'!$P$7,""))))))
A58: 57 | B58: 43156 | C58: 43156 | D58: מהלך טיפול | E58: נפגע | F58: נפגע יחיד | G58: חד פעמי | H58: טעות אנוש | I58: עבודת בוקר | J58: מאיץ4/מאיץ5 | K58: 3D | L58: תיק רגיל | M58: ללא | N58: נהל חדש | O58: =IF(ISBLANK(D58),"",IF(D58='טבלת פרמטרים'!$A$9,1,0)+IF(E58='טבלת פרמטרים'!$B$5,2,1)+IF(F58='טבלת פרמטרים'!$C$5,3,IF(F58='טבלת פרמטרים'!$C$4,1,0))+IF(G58='טבלת פרמטרים'!$D$3,2,0)+IF(M58='טבלת פרמטרים'!$J$4,2,IF(M58='טבלת פרמטרים'!$J$3,1,0))+IF(N58='טבלת פרמטרים'!$K$6,3,IF(OR(N58='טבלת פרמטרים'!$K$4,N58='טבלת פרמטרים'!$K$5),2,IF(N58='טבלת פרמטרים'!$K$3,1,0)))) -> 6 | R58: =IF(ISNUMBER(T58),T58+O58,O58) -> 6 | S58: =IF(EXACT(P58,'טבלת פרמטרים'!$M$2),'טבלת פרמטרים'!$N$2,IF(EXACT(P58,'טבלת פרמטרים'!$M$3),'טבלת פרמטרים'!$N$3,IF(EXACT(P58,'טבלת פרמטרים'!$M$4),'טבלת פרמטרים'!$N$4,IF(EXACT(P58,'טבלת פרמטרים'!$M$5),'טבלת פרמטרים'!$N$5,IF(EXACT(P58,'טבלת פרמטרים'!$M$6),'טבלת פרמטרים'!$N$6,IF(EXACT(P58,'טבלת פרמטרים'!$M$7),'טבלת פרמטרים'!$N$7,IF(EXACT(P58,'טבלת פרמטרים'!$M$8),'טבלת פרמטרים'!$N$8,IF(EXACT(P58,'טבלת פרמטרים'!$M$9),'טבלת פרמטרים'!$N$9,"")))))))) | T58: =IF(EXACT(Q58,'טבלת פרמטרים'!$O$2),'טבלת פרמטרים'!$P$2,IF(EXACT(Q58,'טבלת פרמטרים'!$O$3),'טבלת פרמטרים'!$P$3,IF(EXACT(Q58,'טבלת פרמטרים'!$O$4),'טבלת פרמטרים'!$P$4,IF(EXACT(Q58,'טבלת פרמטרים'!$O$5),'טבלת פרמטרים'!$P$5,IF(EXACT(Q58,'טבלת פרמטרים'!$O$6),'טבלת פרמטרים'!$P$6,IF(EXACT(Q58,'טבלת פרמטרים'!$O$7),'טבלת פרמטרים'!$P$7,""))))))
A59: 58 | B59: 43163 | C59: 43163 | D59: תכנון | E59: מקרה בטיחות | F59: ללא נפגעים | G59: רב פעמי | H59: תרבות עבודה | I59: עבודת בוקר | J59: מאיץ4/מאיץ5 | K59: אחר | L59: תיק רגיל | M59: יותר מפרמטר אחד | N59: חידוד נהל קיים | O59: =IF(ISBLANK(D59),"",IF(D59='טבלת פרמטרים'!$A$9,1,0)+IF(E59='טבלת פרמטרים'!$B$5,2,1)+IF(F59='טבלת פרמטרים'!$C$5,3,IF(F59='טבלת פרמטרים'!$C$4,1,0))+IF(G59='טבלת פרמטרים'!$D$3,2,0)+IF(M59='טבלת פרמטרים'!$J$4,2,IF(M59='טבלת פרמטרים'!$J$3,1,0))+IF(N59='טבלת פרמטרים'!$K$6,3,IF(OR(N59='טבלת פרמטרים'!$K$4,N59='טבלת פרמטרים'!$K$5),2,IF(N59='טבלת פרמטרים'!$K$3,1,0)))) -> 6 | P59: לא נפגע | Q59: לא רלוונטי | R59: =IF(ISNUMBER(T59),T59+O59,O59) -> 6 | S59: =IF(EXACT(P59,'טבלת פרמטרים'!$M$2),'טבלת פרמטרים'!$N$2,IF(EXACT(P59,'טבלת פרמטרים'!$M$3),'טבלת פרמטרים'!$N$3,IF(EXACT(P59,'טבלת פרמטרים'!$M$4),'טבלת פרמטרים'!$N$4,IF(EXACT(P59,'טבלת פרמטרים'!$M$5),'טבלת פרמטרים'!$N$5,IF(EXACT(P59,'טבלת פרמטרים'!$M$6),'טבלת פרמטרים'!$N$6,IF(EXACT(P59,'טבלת פרמטרים'!$M$7),'טבלת פרמטרים'!$N$7,IF(EXACT(P59,'טבלת פרמטרים'!$M$8),'טבלת פרמטרים'!$N$8,IF(EXACT(P59,'טבלת פרמטרים'!$M$9),'טבלת פרמטרים'!$N$9,"")))))))) -> 0 | T59: =IF(EXACT(Q59,'טבלת פרמטרים'!$O$2),'טבלת פרמטרים'!$P$2,IF(EXACT(Q59,'טבלת פרמטרים'!$O$3),'טבלת פרמטרים'!$P$3,IF(EXACT(Q59,'טבלת פרמטרים'!$O$4),'טבלת פרמטרים'!$P$4,IF(EXACT(Q59,'טבלת פרמטרים'!$O$5),'טבלת פרמטרים'!$P$5,IF(EXACT(Q59,'טבלת פרמטרים'!$O$6),'טבלת פרמטרים'!$P$6,IF(EXACT(Q59,'טבלת פרמטרים'!$O$7),'טבלת פרמטרים'!$P$7,"")))))) -> 0
A60: 59 | B60: 43144 | C60: 43149 | D60: מעקב | E60: מקרה בטיחות | F60: ללא נפגעים | G60: רב פעמי | H60: אחר | I60: עבודת בוקר | J60: מאיץ1/מאיץ2 | K60: 3D | L60: תיק מהיר | M60: פרמטר יחיד | N60: נהל חדש | O60: =IF(ISBLANK(D60),"",IF(D60='טבלת פרמטרים'!$A$9,1,0)+IF(E60='טבלת פרמטרים'!$B$5,2,1)+IF(F60='טבלת פרמטרים'!$C$5,3,IF(F60='טבלת פרמטרים'!$C$4,1,0))+IF(G60='טבלת פרמטרים'!$D$3,2,0)+IF(M60='טבלת פרמטרים'!$J$4,2,IF(M60='טבלת פרמטרים'!$J$3,1,0))+IF(N60='טבלת פרמטרים'!$K$6,3,IF(OR(N60='טבלת פרמטרים'!$K$4,N60='טבלת פרמטרים'!$K$5),2,IF(N60='טבלת פרמטרים'!$K$3,1,0)))) -> 6 | P60: לא נפגע | Q60: לא רלוונטי | R60: =IF(ISNUMBER(T60),T60+O60,O60) -> 6 | S60: =IF(EXACT(P60,'טבלת פרמטרים'!$M$2),'טבלת פרמטרים'!$N$2,IF(EXACT(P60,'טבלת פרמטרים'!$M$3),'טבלת פרמטרים'!$N$3,IF(EXACT(P60,'טבלת פרמטרים'!$M$4),'טבלת פרמטרים'!$N$4,IF(EXACT(P60,'טבלת פרמטרים'!$M$5),'טבלת פרמטרים'!$N$5,IF(EXACT(P60,'טבלת פרמטרים'!$M$6),'טבלת פרמטרים'!$N$6,IF(EXACT(P60,'טבלת פרמטרים'!$M$7),'טבלת פרמטרים'!$N$7,IF(EXACT(P60,'טבלת פרמטרים'!$M$8),'טבלת פרמטרים'!$N$8,IF(EXACT(P60,'טבלת פרמטרים'!$M$9),'טבלת פרמטרים'!$N$9,"")))))))) -> 0 | T60: =IF(EXACT(Q60,'טבלת פרמטרים'!$O$2),'טבלת פרמטרים'!$P$2,IF(EXACT(Q60,'טבלת פרמטרים'!$O$3),'טבלת פרמטרים'!$P$3,IF(EXACT(Q60,'טבלת פרמטרים'!$O$4),'טבלת פרמטרים'!$P$4,IF(EXACT(Q60,'טבלת פרמטרים'!$O$5),'טבלת פרמטרים'!$P$5,IF(EXACT(Q60,'טבלת פרמטרים'!$O$6),'טבלת פרמטרים'!$P$6,IF(EXACT(Q60,'טבלת פרמטרים'!$O$7),'טבלת פרמטרים'!$P$7,"")))))) -> 0
A61: 60 | B61: 43143 | C61: 43144 | D61: מהלך טיפול | E61: מנהלי | F61: נפגע יחיד | G61: חד פעמי | H61: טעות אנוש | I61: עבודת בוקר | J61: מאיץ4/מאיץ5 | K61: 3D | L61: תיק דחוף | M61: ללא | N61: חידוד נהל קיים | O61: =IF(ISBLANK(D61),"",IF(D61='טבלת פרמטרים'!$A$9,1,0)+IF(E61='טבלת פרמטרים'!$B$5,2,1)+IF(F61='טבלת פרמטרים'!$C$5,3,IF(F61='טבלת פרמטרים'!$C$4,1,0))+IF(G61='טבלת פרמטרים'!$D$3,2,0)+IF(M61='טבלת פרמטרים'!$J$4,2,IF(M61='טבלת פרמטרים'!$J$3,1,0))+IF(N61='טבלת פרמטרים'!$K$6,3,IF(OR(N61='טבלת פרמטרים'!$K$4,N61='טבלת פרמטרים'!$K$5),2,IF(N61='טבלת פרמטרים'!$K$3,1,0)))) -> 4 | P61: לא נפגע | Q61: שוני במנה אבסולוטית מהמרשם קטן מ- 5% לכל איבר | R61: =IF(ISNUMBER(T61),T61+O61,O61) -> 5 | S61: =IF(EXACT(P61,'טבלת פרמטרים'!$M$2),'טבלת פרמטרים'!$N$2,IF(EXACT(P61,'טבלת פרמטרים'!$M$3),'טבלת פרמטרים'!$N$3,IF(EXACT(P61,'טבלת פרמטרים'!$M$4),'טבלת פרמטרים'!$N$4,IF(EXACT(P61,'טבלת פרמטרים'!$M$5),'טבלת פרמטרים'!$N$5,IF(EXACT(P61,'טבלת פרמטרים'!$M$6),'טבלת פרמטרים'!$N$6,IF(EXACT(P61,'טבלת פרמטרים'!$M$7),'טבלת פרמטרים'!$N$7,IF(EXACT(P61,'טבלת פרמטרים'!$M$8),'טבלת פרמטרים'!$N$8,IF(EXACT(P61,'טבלת פרמטרים'!$M$9),'טבלת פרמטרים'!$N$9,"")))))))) -> 0 | T61: =IF(EXACT(Q61,'טבלת פרמטרים'!$O$2),'טבלת פרמטרים'!$P$2,IF(EXACT(Q61,'טבלת פרמטרים'!$O$3),'טבלת פרמטרים'!$P$3,IF(EXACT(Q61,'טבלת פרמטרים'!$O$4),'טבלת פרמטרים'!$P$4,IF(EXACT(Q61,'טבלת פרמטרים'!$O$5),'טבלת פרמטרים'!$P$5,IF(EXACT(Q61,'טבלת פרמטרים'!$O$6),'טבלת פרמטרים'!$P$6,IF(EXACT(Q61,'טבלת פרמטרים'!$O$7),'טבלת פרמטרים'!$P$7,"")))))) -> 1
A62: 61 | B62: 43145 | C62: 43145 | D62: מהלך טיפול | E62: כמעט נפגע | F62: ללא נפגעים | G62: חד פעמי | H62: תקלה טכנית | I62: עבודת בוקר | J62: ברכיתרפיה | K62: ברכיתרפיה | L62: תיק רגיל | M62: ללא | N62: ללא שינוי | O62: =IF(ISBLANK(D62),"",IF(D62='טבלת פרמטרים'!$A$9,1,0)+IF(E62='טבלת פרמטרים'!$B$5,2,1)+IF(F62='טבלת פרמטרים'!$C$5,3,IF(F62='טבלת פרמטרים'!$C$4,1,0))+IF(G62='טבלת פרמטרים'!$D$3,2,0)+IF(M62='טבלת פרמטרים'!$J$4,2,IF(M62='טבלת פרמטרים'!$J$3,1,0))+IF(N62='טבלת פרמטרים'!$K$6,3,IF(OR(N62='טבלת פרמטרים'!$K$4,N62='טבלת פרמטרים'!$K$5),2,IF(N62='טבלת פרמטרים'!$K$3,1,0)))) -> 2 | P62: לא נפגע | Q62: לא רלוונטי | R62: =IF(ISNUMBER(T62),T62+O62,O62) -> 2 | S62: =IF(EXACT(P62,'טבלת פרמטרים'!$M$2),'טבלת פרמטרים'!$N$2,IF(EXACT(P62,'טבלת פרמטרים'!$M$3),'טבלת פרמטרים'!$N$3,IF(EXACT(P62,'טבלת פרמטרים'!$M$4),'טבלת פרמטרים'!$N$4,IF(EXACT(P62,'טבלת פרמטרים'!$M$5),'טבלת פרמטרים'!$N$5,IF(EXACT(P62,'טבלת פרמטרים'!$M$6),'טבלת פרמטרים'!$N$6,IF(EXACT(P62,'טבלת פרמטרים'!$M$7),'טבלת פרמטרים'!$N$7,IF(EXACT(P62,'טבלת פרמטרים'!$M$8),'טבלת פרמטרים'!$N$8,IF(EXACT(P62,'טבלת פרמטרים'!$M$9),'טבלת פרמטרים'!$N$9,"")))))))) -> 0 | T62: =IF(EXACT(Q62,'טבלת פרמטרים'!$O$2),'טבלת פרמטרים'!$P$2,IF(EXACT(Q62,'טבלת פרמטרים'!$O$3),'טבלת פרמטרים'!$P$3,IF(EXACT(Q62,'טבלת פרמטרים'!$O$4),'טבלת פרמטרים'!$P$4,IF(EXACT(Q62,'טבלת פרמטרים'!$O$5),'טבלת פרמטרים'!$P$5,IF(EXACT(Q62,'טבלת פרמטרים'!$O$6),'טבלת פרמטרים'!$P$6,IF(EXACT(Q62,'טבלת פרמטרים'!$O$7),'טבלת פרמטרים'!$P$7,"")))))) -> 0
A63: 62 | B63: 43143 | C63: 43143 | D63: מהלך טיפול | E63: נפגע | F63: נפגע יחיד | G63: חד פעמי | H63: טעות אנוש | I63: עבודת בוקר | J63: טיפול מגע | K63: טיפול מגע | L63: תיק רגיל | M63: פרמטר יחיד | N63: המשך חקירת ארוע | O63: =IF(ISBLANK(D63),"",IF(D63='טבלת פרמטרים'!$A$9,1,0)+IF(E63='טבלת פרמטרים'!$B$5,2,1)+IF(F63='טבלת פרמטרים'!$C$5,3,IF(F63='טבלת פרמטרים'!$C$4,1,0))+IF(G63='טבלת פרמטרים'!$D$3,2,0)+IF(M63='טבלת פרמטרים'!$J$4,2,IF(M63='טבלת פרמטרים'!$J$3,1,0))+IF(N63='טבלת פרמטרים'!$K$6,3,IF(OR(N63='טבלת פרמטרים'!$K$4,N63='טבלת פרמטרים'!$K$5),2,IF(N63='טבלת פרמטרים'!$K$3,1,0)))) -> 8 | P63: לא נפגע | Q63: שוני במנה אבסולוטית מהמרשם קטן מ- 5% לכל איבר | R63: =IF(ISNUMBER(T63),T63+O63,O63) -> 9 | S63: =IF(EXACT(P63,'טבלת פרמטרים'!$M$2),'טבלת פרמטרים'!$N$2,IF(EXACT(P63,'טבלת פרמטרים'!$M$3),'טבלת פרמטרים'!$N$3,IF(EXACT(P63,'טבלת פרמטרים'!$M$4),'טבלת פרמטרים'!$N$4,IF(EXACT(P63,'טבלת פרמטרים'!$M$5),'טבלת פרמטרים'!$N$5,IF(EXACT(P63,'טבלת פרמטרים'!$M$6),'טבלת פרמטרים'!$N$6,IF(EXACT(P63,'טבלת פרמטרים'!$M$7),'טבלת פרמטרים'!$N$7,IF(EXACT(P63,'טבלת פרמטרים'!$M$8),'טבלת פרמטרים'!$N$8,IF(EXACT(P63,'טבלת פרמטרים'!$M$9),'טבלת פרמטרים'!$N$9,"")))))))) -> 0 | T63: =IF(EXACT(Q63,'טבלת פרמטרים'!$O$2),'טבלת פרמטרים'!$P$2,IF(EXACT(Q63,'טבלת פרמטרים'!$O$3),'טבלת פרמטרים'!$P$3,IF(EXACT(Q63,'טבלת פרמטרים'!$O$4),'טבלת פרמטרים'!$P$4,IF(EXACT(Q63,'טבלת פרמטרים'!$O$5),'טבלת פרמטרים'!$P$5,IF(EXACT(Q63,'טבלת פרמטרים'!$O$6),'טבלת פרמטרים'!$P$6,IF(EXACT(Q63,'טבלת פרמטרים'!$O$7),'טבלת פרמטרים'!$P$7,"")))))) -> 1
A64: 63 | B64: 43158 | C64: 43158 | D64: לפני טיפול | E64: מקרה בטיחות | F64: ללא נפגעים | G64: חד פעמי | H64: תרבות עבודה | I64: עבודת בוקר | J64: מאיץ4/מאיץ5 | K64: 3D | L64: תיק רגיל | M64: ללא | N64: חידוד נהל קיים | O64: =IF(ISBLANK(D64),"",IF(D64='טבלת פרמטרים'!$A$9,1,0)+IF(E64='טבלת פרמטרים'!$B$5,2,1)+IF(F64='טבלת פרמטרים'!$C$5,3,IF(F64='טבלת פרמטרים'!$C$4,1,0))+IF(G64='טבלת פרמטרים'!$D$3,2,0)+IF(M64='טבלת פרמטרים'!$J$4,2,IF(M64='טבלת פרמטרים'!$J$3,1,0))+IF(N64='טבלת פרמטרים'!$K$6,3,IF(OR(N64='טבלת פרמטרים'!$K$4,N64='טבלת פרמטרים'!$K$5),2,IF(N64='טבלת פרמטרים'!$K$3,1,0)))) -> 2 | P64: לא נפגע | Q64: לא רלוונטי | R64: =IF(ISNUMBER(T64),T64+O64,O64) -> 2 | S64: =IF(EXACT(P64,'טבלת פרמטרים'!$M$2),'טבלת פרמטרים'!$N$2,IF(EXACT(P64,'טבלת פרמטרים'!$M$3),'טבלת פרמטרים'!$N$3,IF(EXACT(P64,'טבלת פרמטרים'!$M$4),'טבלת פרמטרים'!$N$4,IF(EXACT(P64,'טבלת פרמטרים'!$M$5),'טבלת פרמטרים'!$N$5,IF(EXACT(P64,'טבלת פרמטרים'!$M$6),'טבלת פרמטרים'!$N$6,IF(EXACT(P64,'טבלת פרמטרים'!$M$7),'טבלת פרמטרים'!$N$7,IF(EXACT(P64,'טבלת פרמטרים'!$M$8),'טבלת פרמטרים'!$N$8,IF(EXACT(P64,'טבלת פרמטרים'!$M$9),'טבלת פרמטרים'!$N$9,"")))))))) -> 0 | T64: =IF(EXACT(Q64,'טבלת פרמטרים'!$O$2),'טבלת פרמטרים'!$P$2,IF(EXACT(Q64,'טבלת פרמטרים'!$O$3),'טבלת פרמטרים'!$P$3,IF(EXACT(Q64,'טבלת פרמטרים'!$O$4),'טבלת פרמטרים'!$P$4,IF(EXACT(Q64,'טבלת פרמטרים'!$O$5),'טבלת פרמטרים'!$P$5,IF(EXACT(Q64,'טבלת פרמטרים'!$O$6),'טבלת פרמטרים'!$P$6,IF(EXACT(Q64,'טבלת פרמטרים'!$O$7),'טבלת פרמטרים'!$P$7,"")))))) -> 0
A65: 64 | B65: 43194 | C65: 43194 | D65: סימולציה | E65: מקרה בטיחות | F65: ללא נפגעים | G65: חד פעמי | H65: תקשורת | I65: עבודת בוקר | J65: לא ישים | K65: SBRT | L65: תיק רגיל | M65: ללא | N65: חידוד נהל קיים | O65: =IF(ISBLANK(D65),"",IF(D65='טבלת פרמטרים'!$A$9,1,0)+IF(E65='טבלת פרמטרים'!$B$5,2,1)+IF(F65='טבלת פרמטרים'!$C$5,3,IF(F65='טבלת פרמטרים'!$C$4,1,0))+IF(G65='טבלת פרמטרים'!$D$3,2,0)+IF(M65='טבלת פרמטרים'!$J$4,2,IF(M65='טבלת פרמטרים'!$J$3,1,0))+IF(N65='טבלת פרמטרים'!$K$6,3,IF(OR(N65='טבלת פרמטרים'!$K$4,N65='טבלת פרמטרים'!$K$5),2,IF(N65='טבלת פרמטרים'!$K$3,1,0)))) -> 2 | P65: לא נפגע | Q65: לא רלוונטי | R65: =IF(ISNUMBER(T65),T65+O65,O65) -> 2 | S65: =IF(EXACT(P65,'טבלת פרמטרים'!$M$2),'טבלת פרמטרים'!$N$2,IF(EXACT(P65,'טבלת פרמטרים'!$M$3),'טבלת פרמטרים'!$N$3,IF(EXACT(P65,'טבלת פרמטרים'!$M$4),'טבלת פרמטרים'!$N$4,IF(EXACT(P65,'טבלת פרמטרים'!$M$5),'טבלת פרמטרים'!$N$5,IF(EXACT(P65,'טבלת פרמטרים'!$M$6),'טבלת פרמטרים'!$N$6,IF(EXACT(P65,'טבלת פרמטרים'!$M$7),'טבלת פרמטרים'!$N$7,IF(EXACT(P65,'טבלת פרמטרים'!$M$8),'טבלת פרמטרים'!$N$8,IF(EXACT(P65,'טבלת פרמטרים'!$M$9),'טבלת פרמטרים'!$N$9,"")))))))) -> 0 | T65: =IF(EXACT(Q65,'טבלת פרמטרים'!$O$2),'טבלת פרמטרים'!$P$2,IF(EXACT(Q65,'טבלת פרמטרים'!$O$3),'טבלת פרמטרים'!$P$3,IF(EXACT(Q65,'טבלת פרמטרים'!$O$4),'טבלת פרמטרים'!$P$4,IF(EXACT(Q65,'טבלת פרמטרים'!$O$5),'טבלת פרמטרים'!$P$5,IF(EXACT(Q65,'טבלת פרמטרים'!$O$6),'טבלת פרמטרים'!$P$6,IF(EXACT(Q65,'טבלת פרמטרים'!$O$7),'טבלת פרמטרים'!$P$7,"")))))) -> 0
A66: 65 | B66: 43185 | C66: 43195 | D66: מהלך טיפול | E66: נפגע | F66: נפגע יחיד | G66: חד פעמי | H66: טעות אנוש | I66: עבודת בוקר | J66: מאיץ4/מאיץ5 | K66: 3D | L66: תיק רגיל | M66: ללא | N66: שינוי נוהל קיים | O66: =IF(ISBLANK(D66),"",IF(D66='טבלת פרמטרים'!$A$9,1,0)+IF(E66='טבלת פרמטרים'!$B$5,2,1)+IF(F66='טבלת פרמטרים'!$C$5,3,IF(F66='טבלת פרמטרים'!$C$4,1,0))+IF(G66='טבלת פרמטרים'!$D$3,2,0)+IF(M66='טבלת פרמטרים'!$J$4,2,IF(M66='טבלת פרמטרים'!$J$3,1,0))+IF(N66='טבלת פרמטרים'!$K$6,3,IF(OR(N66='טבלת פרמטרים'!$K$4,N66='טבלת פרמטרים'!$K$5),2,IF(N66='טבלת פרמטרים'!$K$3,1,0)))) -> 6 | P66: לא נפגע | Q66: שוני במנה אבסולוטית מהמרשם קטן מ- 5% לכל איבר | R66: =IF(ISNUMBER(T66),T66+O66,O66) -> 7 | S66: =IF(EXACT(P66,'טבלת פרמטרים'!$M$2),'טבלת פרמטרים'!$N$2,IF(EXACT(P66,'טבלת פרמטרים'!$M$3),'טבלת פרמטרים'!$N$3,IF(EXACT(P66,'טבלת פרמטרים'!$M$4),'טבלת פרמטרים'!$N$4,IF(EXACT(P66,'טבלת פרמטרים'!$M$5),'טבלת פרמטרים'!$N$5,IF(EXACT(P66,'טבלת פרמטרים'!$M$6),'טבלת פרמטרים'!$N$6,IF(EXACT(P66,'טבלת פרמטרים'!$M$7),'טבלת פרמטרים'!$N$7,IF(EXACT(P66,'טבלת פרמטרים'!$M$8),'טבלת פרמטרים'!$N$8,IF(EXACT(P66,'טבלת פרמטרים'!$M$9),'טבלת פרמטרים'!$N$9,"")))))))) -> 0 | T66: =IF(EXACT(Q66,'טבלת פרמטרים'!$O$2),'טבלת פרמטרים'!$P$2,IF(EXACT(Q66,'טבלת פרמטרים'!$O$3),'טבלת פרמטרים'!$P$3,IF(EXACT(Q66,'טבלת פרמטרים'!$O$4),'טבלת פרמטרים'!$P$4,IF(EXACT(Q66,'טבלת פרמטרים'!$O$5),'טבלת פרמטרים'!$P$5,IF(EXACT(Q66,'טבלת פרמטרים'!$O$6),'טבלת פרמטרים'!$P$6,IF(EXACT(Q66,'טבלת פרמטרים'!$O$7),'טבלת פרמטרים'!$P$7,"")))))) -> 1
A67: 66 | B67: 43184 | C67: 43195 | D67: מהלך טיפול | E67: נפגע | F67: נפגע יחיד | G67: רב פעמי | H67: תרבות עבודה | I67: עבודת בוקר | J67: מאיץ4/מאיץ5 | K67: 3D | L67: תיק רגיל | M67: יותר מפרמטר אחד | N67: חידוד נהל קיים | O67: =IF(ISBLANK(D67),"",IF(D67='טבלת פרמטרים'!$A$9,1,0)+IF(E67='טבלת פרמטרים'!$B$5,2,1)+IF(F67='טבלת פרמטרים'!$C$5,3,IF(F67='טבלת פרמטרים'!$C$4,1,0))+IF(G67='טבלת פרמטרים'!$D$3,2,0)+IF(M67='טבלת פרמטרים'!$J$4,2,IF(M67='טבלת פרמטרים'!$J$3,1,0))+IF(N67='טבלת פרמטרים'!$K$6,3,IF(OR(N67='טבלת פרמטרים'!$K$4,N67='טבלת פרמטרים'!$K$5),2,IF(N67='טבלת פרמטרים'!$K$3,1,0)))) -> 9 | P67: לא נפגע | Q67: שוני במנה אבסולוטית מהמרשם קטן מ- 5% לכל איבר | R67: =IF(ISNUMBER(T67),T67+O67,O67) -> 10 | S67: =IF(EXACT(P67,'טבלת פרמטרים'!$M$2),'טבלת פרמטרים'!$N$2,IF(EXACT(P67,'טבלת פרמטרים'!$M$3),'טבלת פרמטרים'!$N$3,IF(EXACT(P67,'טבלת פרמטרים'!$M$4),'טבלת פרמטרים'!$N$4,IF(EXACT(P67,'טבלת פרמטרים'!$M$5),'טבלת פרמטרים'!$N$5,IF(EXACT(P67,'טבלת פרמטרים'!$M$6),'טבלת פרמטרים'!$N$6,IF(EXACT(P67,'טבלת פרמטרים'!$M$7),'טבלת פרמטרים'!$N$7,IF(EXACT(P67,'טבלת פרמטרים'!$M$8),'טבלת פרמטרים'!$N$8,IF(EXACT(P67,'טבלת פרמטרים'!$M$9),'טבלת פרמטרים'!$N$9,"")))))))) -> 0 | T67: =IF(EXACT(Q67,'טבלת פרמטרים'!$O$2),'טבלת פרמטרים'!$P$2,IF(EXACT(Q67,'טבלת פרמטרים'!$O$3),'טבלת פרמטרים'!$P$3,IF(EXACT(Q67,'טבלת פרמטרים'!$O$4),'טבלת פרמטרים'!$P$4,IF(EXACT(Q67,'טבלת פרמטרים'!$O$5),'טבלת פרמטרים'!$P$5,IF(EXACT(Q67,'טבלת פרמטרים'!$O$6),'טבלת פרמטרים'!$P$6,IF(EXACT(Q67,'טבלת פרמטרים'!$O$7),'טבלת פרמטרים'!$P$7,"")))))) -> 1
A68: 67 | B68: 43177 | C68: 43177 | D68: מרשם | E68: כמעט נפגע | F68: ללא נפגעים | G68: חד פעמי | H68: טעות אנוש | I68: עבודת ערב | J68: לא ישים | K68: 3D | L68: תיק דחוף | M68: ללא | N68: ללא שינוי | O68: =IF(ISBLANK(D68),"",IF(D68='טבלת פרמטרים'!$A$9,1,0)+IF(E68='טבלת פרמטרים'!$B$5,2,1)+IF(F68='טבלת פרמטרים'!$C$5,3,IF(F68='טבלת פרמטרים'!$C$4,1,0))+IF(G68='טבלת פרמטרים'!$D$3,2,0)+IF(M68='טבלת פרמטרים'!$J$4,2,IF(M68='טבלת פרמטרים'!$J$3,1,0))+IF(N68='טבלת פרמטרים'!$K$6,3,IF(OR(N68='טבלת פרמטרים'!$K$4,N68='טבלת פרמטרים'!$K$5),2,IF(N68='טבלת פרמטרים'!$K$3,1,0)))) -> 1 | P68: לא נפגע | Q68: לא רלוונטי | R68: =IF(ISNUMBER(T68),T68+O68,O68) -> 1 | S68: =IF(EXACT(P68,'טבלת פרמטרים'!$M$2),'טבלת פרמטרים'!$N$2,IF(EXACT(P68,'טבלת פרמטרים'!$M$3),'טבלת פרמטרים'!$N$3,IF(EXACT(P68,'טבלת פרמטרים'!$M$4),'טבלת פרמטרים'!$N$4,IF(EXACT(P68,'טבלת פרמטרים'!$M$5),'טבלת פרמטרים'!$N$5,IF(EXACT(P68,'טבלת פרמטרים'!$M$6),'טבלת פרמטרים'!$N$6,IF(EXACT(P68,'טבלת פרמטרים'!$M$7),'טבלת פרמטרים'!$N$7,IF(EXACT(P68,'טבלת פרמטרים'!$M$8),'טבלת פרמטרים'!$N$8,IF(EXACT(P68,'טבלת פרמטרים'!$M$9),'טבלת פרמטרים'!$N$9,"")))))))) -> 0 | T68: =IF(EXACT(Q68,'טבלת פרמטרים'!$O$2),'טבלת פרמטרים'!$P$2,IF(EXACT(Q68,'טבלת פרמטרים'!$O$3),'טבלת פרמטרים'!$P$3,IF(EXACT(Q68,'טבלת פרמטרים'!$O$4),'טבלת פרמטרים'!$P$4,IF(EXACT(Q68,'טבלת פרמטרים'!$O$5),'טבלת פרמטרים'!$P$5,IF(EXACT(Q68,'טבלת פרמטרים'!$O$6),'טבלת פרמטרים'!$P$6,IF(EXACT(Q68,'טבלת פרמטרים'!$O$7),'טבלת פרמטרים'!$P$7,"")))))) -> 0
A69: 68 | B69: 43184 | C69: 43186 | D69: לפני טיפול | E69: כמעט נפגע | F69: ללא נפגעים | G69: חד פעמי | H69: טעות אנוש | I69: עבודת בוקר | J69: לא ישים | K69: 3D | L69: תיק דחוף | M69: יותר מפרמטר אחד | N69: שינוי נוהל קיים | O69: =IF(ISBLANK(D69),"",IF(D69='טבלת פרמטרים'!$A$9,1,0)+IF(E69='טבלת פרמטרים'!$B$5,2,1)+IF(F69='טבלת פרמטרים'!$C$5,3,IF(F69='טבלת פרמטרים'!$C$4,1,0))+IF(G69='טבלת פרמטרים'!$D$3,2,0)+IF(M69='טבלת פרמטרים'!$J$4,2,IF(M69='טבלת פרמטרים'!$J$3,1,0))+IF(N69='טבלת פרמטרים'!$K$6,3,IF(OR(N69='טבלת פרמטרים'!$K$4,N69='טבלת פרמטרים'!$K$5),2,IF(N69='טבלת פרמטרים'!$K$3,1,0)))) -> 5 | P69: לא נפגע | Q69: לא רלוונטי | R69: =IF(ISNUMBER(T69),T69+O69,O69) -> 5 | S69: =IF(EXACT(P69,'טבלת פרמטרים'!$M$2),'טבלת פרמטרים'!$N$2,IF(EXACT(P69,'טבלת פרמטרים'!$M$3),'טבלת פרמטרים'!$N$3,IF(EXACT(P69,'טבלת פרמטרים'!$M$4),'טבלת פרמטרים'!$N$4,IF(EXACT(P69,'טבלת פרמטרים'!$M$5),'טבלת פרמטרים'!$N$5,IF(EXACT(P69,'טבלת פרמטרים'!$M$6),'טבלת פרמטרים'!$N$6,IF(EXACT(P69,'טבלת פרמטרים'!$M$7),'טבלת פרמטרים'!$N$7,IF(EXACT(P69,'טבלת פרמטרים'!$M$8),'טבלת פרמטרים'!$N$8,IF(EXACT(P69,'טבלת פרמטרים'!$M$9),'טבלת פרמטרים'!$N$9,"")))))))) -> 0 | T69: =IF(EXACT(Q69,'טבלת פרמטרים'!$O$2),'טבלת פרמטרים'!$P$2,IF(EXACT(Q69,'טבלת פרמטרים'!$O$3),'טבלת פרמטרים'!$P$3,IF(EXACT(Q69,'טבלת פרמטרים'!$O$4),'טבלת פרמטרים'!$P$4,IF(EXACT(Q69,'טבלת פרמטרים'!$O$5),'טבלת פרמטרים'!$P$5,IF(EXACT(Q69,'טבלת פרמטרים'!$O$6),'טבלת פרמטרים'!$P$6,IF(EXACT(Q69,'טבלת פרמטרים'!$O$7),'טבלת פרמטרים'!$P$7,"")))))) -> 0
A70: 69 | B70: 43178 | C70: 43206 | D70: לפני טיפול | E70: מקרה בטיחות | F70: ללא נפגעים | G70: חד פעמי | H70: תקלה טכנית | I70: עבודת בוקר | J70: טיפול מגע | K70: טיפול מגע | L70: תיק רגיל | M70: ללא | N70: ללא שינוי | O70: =IF(ISBLANK(D70),"",IF(D70='טבלת פרמטרים'!$A$9,1,0)+IF(E70='טבלת פרמטרים'!$B$5,2,1)+IF(F70='טבלת פרמטרים'!$C$5,3,IF(F70='טבלת פרמטרים'!$C$4,1,0))+IF(G70='טבלת פרמטרים'!$D$3,2,0)+IF(M70='טבלת פרמטרים'!$J$4,2,IF(M70='טבלת פרמטרים'!$J$3,1,0))+IF(N70='טבלת פרמטרים'!$K$6,3,IF(OR(N70='טבלת פרמטרים'!$K$4,N70='טבלת פרמטרים'!$K$5),2,IF(N70='טבלת פרמטרים'!$K$3,1,0)))) -> 1 | P70: לא נפגע | Q70: לא רלוונטי | R70: =IF(ISNUMBER(T70),T70+O70,O70) -> 1 | S70: =IF(EXACT(P70,'טבלת פרמטרים'!$M$2),'טבלת פרמטרים'!$N$2,IF(EXACT(P70,'טבלת פרמטרים'!$M$3),'טבלת פרמטרים'!$N$3,IF(EXACT(P70,'טבלת פרמטרים'!$M$4),'טבלת פרמטרים'!$N$4,IF(EXACT(P70,'טבלת פרמטרים'!$M$5),'טבלת פרמטרים'!$N$5,IF(EXACT(P70,'טבלת פרמטרים'!$M$6),'טבלת פרמטרים'!$N$6,IF(EXACT(P70,'טבלת פרמטרים'!$M$7),'טבלת פרמטרים'!$N$7,IF(EXACT(P70,'טבלת פרמטרים'!$M$8),'טבלת פרמטרים'!$N$8,IF(EXACT(P70,'טבלת פרמטרים'!$M$9),'טבלת פרמטרים'!$N$9,"")))))))) -> 0 | T70: =IF(EXACT(Q70,'טבלת פרמטרים'!$O$2),'טבלת פרמטרים'!$P$2,IF(EXACT(Q70,'טבלת פרמטרים'!$O$3),'טבלת פרמטרים'!$P$3,IF(EXACT(Q70,'טבלת פרמטרים'!$O$4),'טבלת פרמטרים'!$P$4,IF(EXACT(Q70,'טבלת פרמטרים'!$O$5),'טבלת פרמטרים'!$P$5,IF(EXACT(Q70,'טבלת פרמטרים'!$O$6),'טבלת פרמטרים'!$P$6,IF(EXACT(Q70,'טבלת פרמטרים'!$O$7),'טבלת פרמטרים'!$P$7,"")))))) -> 0
... A75: 74 | B75: 43236 | C75: 43237 | D75: סימון | E75: כמעט נפגע | F75: ללא נפגעים | G75: חד פעמי | H75: תרבות עבודה | I75: עבודת ערב | J75: מאיץ1/מאיץ2 | K75: IMRT | L75: תיק רגיל | M75: יותר מפרמטר אחד | N75: חידוד נהל קיים | O75: =IF(ISBLANK(D75),"",IF(D75='טבלת פרמטרים'!$A$9,1,0)+IF(E75='טבלת פרמטרים'!$B$5,2,1)+IF(F75='טבלת פרמטרים'!$C$5,3,IF(F75='טבלת פרמטרים'!$C$4,1,0))+IF(G75='טבלת פרמטרים'!$D$3,2,0)+IF(M75='טבלת פרמטרים'!$J$4,2,IF(M75='טבלת פרמטרים'!$J$3,1,0))+IF(N75='טבלת פרמטרים'!$K$6,3,IF(OR(N75='טבלת פרמטרים'!$K$4,N75='טבלת פרמטרים'!$K$5),2,IF(N75='טבלת פרמטרים'!$K$3,1,0)))) -> 4 | P75: לא נפגע | Q75: לא רלוונטי | R75: =IF(ISNUMBER(T75),T75+O75,O75) -> 4 | S75: =IF(EXACT(P75,'טבלת פרמטרים'!$M$2),'טבלת פרמטרים'!$N$2,IF(EXACT(P75,'טבלת פרמטרים'!$M$3),'טבלת פרמטרים'!$N$3,IF(EXACT(P75,'טבלת פרמטרים'!$M$4),'טבלת פרמטרים'!$N$4,IF(EXACT(P75,'טבלת פרמטרים'!$M$5),'טבלת פרמטרים'!$N$5,IF(EXACT(P75,'טבלת פרמטרים'!$M$6),'טבלת פרמטרים'!$N$6,IF(EXACT(P75,'טבלת פרמטרים'!$M$7),'טבלת פרמטרים'!$N$7,IF(EXACT(P75,'טבלת פרמטרים'!$M$8),'טבלת פרמטרים'!$N$8,IF(EXACT(P75,'טבלת פרמטרים'!$M$9),'טבלת פרמטרים'!$N$9,"")))))))) -> 0 | T75: =IF(EXACT(Q75,'טבלת פרמטרים'!$O$2),'טבלת פרמטרים'!$P$2,IF(EXACT(Q75,'טבלת פרמטרים'!$O$3),'טבלת פרמטרים'!$P$3,IF(EXACT(Q75,'טבלת פרמטרים'!$O$4),'טבלת פרמטרים'!$P$4,IF(EXACT(Q75,'טבלת פרמטרים'!$O$5),'טבלת פרמטרים'!$P$5,IF(EXACT(Q75,'טבלת פרמטרים'!$O$6),'טבלת פרמטרים'!$P$6,IF(EXACT(Q75,'טבלת פרמטרים'!$O$7),'טבלת פרמטרים'!$P$7,"")))))) -> 0
A76: 75 | B76: 43234 | C76: 43234 | D76: מהלך טיפול | E76: מנהלי | F76: ללא נפגעים | G76: חד פעמי | H76: אחר | J76: מאיץ4/מאיץ5 | K76: IMRT | L76: תיק רגיל | M76: יותר מפרמטר אחד | N76: ללא שינוי | O76: =IF(ISBLANK(D76),"",IF(D76='טבלת פרמטרים'!$A$9,1,0)+IF(E76='טבלת פרמטרים'!$B$5,2,1)+IF(F76='טבלת פרמטרים'!$C$5,3,IF(F76='טבלת פרמטרים'!$C$4,1,0))+IF(G76='טבלת פרמטרים'!$D$3,2,0)+IF(M76='טבלת פרמטרים'!$J$4,2,IF(M76='טבלת פרמטרים'!$J$3,1,0))+IF(N76='טבלת פרמטרים'!$K$6,3,IF(OR(N76='טבלת פרמטרים'!$K$4,N76='טבלת פרמטרים'!$K$5),2,IF(N76='טבלת פרמטרים'!$K$3,1,0)))) -> 4 | P76: לא נפגע | Q76: לא רלוונטי | R76: =IF(ISNUMBER(T76),T76+O76,O76) -> 4 | S76: =IF(EXACT(P76,'טבלת פרמטרים'!$M$2),'טבלת פרמטרים'!$N$2,IF(EXACT(P76,'טבלת פרמטרים'!$M$3),'טבלת פרמטרים'!$N$3,IF(EXACT(P76,'טבלת פרמטרים'!$M$4),'טבלת פרמטרים'!$N$4,IF(EXACT(P76,'טבלת פרמטרים'!$M$5),'טבלת פרמטרים'!$N$5,IF(EXACT(P76,'טבלת פרמטרים'!$M$6),'טבלת פרמטרים'!$N$6,IF(EXACT(P76,'טבלת פרמטרים'!$M$7),'טבלת פרמטרים'!$N$7,IF(EXACT(P76,'טבלת פרמטרים'!$M$8),'טבלת פרמטרים'!$N$8,IF(EXACT(P76,'טבלת פרמטרים'!$M$9),'טבלת פרמטרים'!$N$9,"")))))))) -> 0 | T76: =IF(EXACT(Q76,'טבלת פרמטרים'!$O$2),'טבלת פרמטרים'!$P$2,IF(EXACT(Q76,'טבלת פרמטרים'!$O$3),'טבלת פרמטרים'!$P$3,IF(EXACT(Q76,'טבלת פרמטרים'!$O$4),'טבלת פרמטרים'!$P$4,IF(EXACT(Q76,'טבלת פרמטרים'!$O$5),'טבלת פרמטרים'!$P$5,IF(EXACT(Q76,'טבלת פרמטרים'!$O$6),'טבלת פרמטרים'!$P$6,IF(EXACT(Q76,'טבלת פרמטרים'!$O$7),'טבלת פרמטרים'!$P$7,"")))))) -> 0
A77: 76 | B77: 43233 | C77: 43233 | D77: לפני טיפול | E77: כמעט נפגע | F77: ללא נפגעים | G77: חד פעמי | H77: תרבות עבודה | I77: עבודת בוקר | J77: מאיץ3 | K77: IMRT | L77: תיק רגיל | M77: פרמטר יחיד | N77: שינוי נוהל קיים | O77: =IF(ISBLANK(D77),"",IF(D77='טבלת פרמטרים'!$A$9,1,0)+IF(E77='טבלת פרמטרים'!$B$5,2,1)+IF(F77='טבלת פרמטרים'!$C$5,3,IF(F77='טבלת פרמטרים'!$C$4,1,0))+IF(G77='טבלת פרמטרים'!$D$3,2,0)+IF(M77='טבלת פרמטרים'!$J$4,2,IF(M77='טבלת פרמטרים'!$J$3,1,0))+IF(N77='טבלת פרמטרים'!$K$6,3,IF(OR(N77='טבלת פרמטרים'!$K$4,N77='טבלת פרמטרים'!$K$5),2,IF(N77='טבלת פרמטרים'!$K$3,1,0)))) -> 4 | P77: לא נפגע | Q77: לא רלוונטי | R77: =IF(ISNUMBER(T77),T77+O77,O77) -> 4 | S77: =IF(EXACT(P77,'טבלת פרמטרים'!$M$2),'טבלת פרמטרים'!$N$2,IF(EXACT(P77,'טבלת פרמטרים'!$M$3),'טבלת פרמטרים'!$N$3,IF(EXACT(P77,'טבלת פרמטרים'!$M$4),'טבלת פרמטרים'!$N$4,IF(EXACT(P77,'טבלת פרמטרים'!$M$5),'טבלת פרמטרים'!$N$5,IF(EXACT(P77,'טבלת פרמטרים'!$M$6),'טבלת פרמטרים'!$N$6,IF(EXACT(P77,'טבלת פרמטרים'!$M$7),'טבלת פרמטרים'!$N$7,IF(EXACT(P77,'טבלת פרמטרים'!$M$8),'טבלת פרמטרים'!$N$8,IF(EXACT(P77,'טבלת פרמטרים'!$M$9),'טבלת פרמטרים'!$N$9,"")))))))) -> 0 | T77: =IF(EXACT(Q77,'טבלת פרמטרים'!$O$2),'טבלת פרמטרים'!$P$2,IF(EXACT(Q77,'טבלת פרמטרים'!$O$3),'טבלת פרמטרים'!$P$3,IF(EXACT(Q77,'טבלת פרמטרים'!$O$4),'טבלת פרמטרים'!$P$4,IF(EXACT(Q77,'טבלת פרמטרים'!$O$5),'טבלת פרמטרים'!$P$5,IF(EXACT(Q77,'טבלת פרמטרים'!$O$6),'טבלת פרמטרים'!$P$6,IF(EXACT(Q77,'טבלת פרמטרים'!$O$7),'טבלת פרמטרים'!$P$7,"")))))) -> 0
A78: 77 | B78: 43230 | C78: 43230 | D78: לפני טיפול | E78: מקרה בטיחות | F78: ללא נפגעים | G78: חד פעמי | H78: תרבות עבודה | I78: עבודת בוקר | J78: מאיץ3 | K78: 3D | L78: תיק רגיל | M78: יותר מפרמטר אחד | N78: נהל חדש | O78: =IF(ISBLANK(D78),"",IF(D78='טבלת פרמטרים'!$A$9,1,0)+IF(E78='טבלת פרמטרים'!$B$5,2,1)+IF(F78='טבלת פרמטרים'!$C$5,3,IF(F78='טבלת פרמטרים'!$C$4,1,0))+IF(G78='טבלת פרמטרים'!$D$3,2,0)+IF(M78='טבלת פרמטרים'!$J$4,2,IF(M78='טבלת פרמטרים'!$J$3,1,0))+IF(N78='טבלת פרמטרים'!$K$6,3,IF(OR(N78='טבלת פרמטרים'!$K$4,N78='טבלת פרמטרים'!$K$5),2,IF(N78='טבלת פרמטרים'!$K$3,1,0)))) -> 5 | P78: לא נפגע | Q78: לא רלוונטי | R78: =IF(ISNUMBER(T78),T78+O78,O78) -> 5 | S78: =IF(EXACT(P78,'טבלת פרמטרים'!$M$2),'טבלת פרמטרים'!$N$2,IF(EXACT(P78,'טבלת פרמטרים'!$M$3),'טבלת פרמטרים'!$N$3,IF(EXACT(P78,'טבלת פרמטרים'!$M$4),'טבלת פרמטרים'!$N$4,IF(EXACT(P78,'טבלת פרמטרים'!$M$5),'טבלת פרמטרים'!$N$5,IF(EXACT(P78,'טבלת פרמטרים'!$M$6),'טבלת פרמטרים'!$N$6,IF(EXACT(P78,'טבלת פרמטרים'!$M$7),'טבלת פרמטרים'!$N$7,IF(EXACT(P78,'טבלת פרמטרים'!$M$8),'טבלת פרמטרים'!$N$8,IF(EXACT(P78,'טבלת פרמטרים'!$M$9),'טבלת פרמטרים'!$N$9,"")))))))) -> 0 | T78: =IF(EXACT(Q78,'טבלת פרמטרים'!$O$2),'טבלת פרמטרים'!$P$2,IF(EXACT(Q78,'טבלת פרמטרים'!$O$3),'טבלת פרמטרים'!$P$3,IF(EXACT(Q78,'טבלת פרמטרים'!$O$4),'טבלת פרמטרים'!$P$4,IF(EXACT(Q78,'טבלת פרמטרים'!$O$5),'טבלת פרמטרים'!$P$5,IF(EXACT(Q78,'טבלת פרמטרים'!$O$6),'טבלת פרמטרים'!$P$6,IF(EXACT(Q78,'טבלת פרמטרים'!$O$7),'טבלת פרמטרים'!$P$7,"")))))) -> 0
A79: 78 | B79: 43261 | C79: 43263 | D79: סימולציה | E79: מקרה בטיחות | F79: ללא נפגעים | G79: חד פעמי | H79: נהל עבודה | I79: עבודת בוקר | J79: סימולציה | K79: ברכיתרפיה | L79: תיק רגיל | M79: יותר מפרמטר אחד | N79: ללא שינוי | O79: =IF(ISBLANK(D79),"",IF(D79='טבלת פרמטרים'!$A$9,1,0)+IF(E79='טבלת פרמטרים'!$B$5,2,1)+IF(F79='טבלת פרמטרים'!$C$5,3,IF(F79='טבלת פרמטרים'!$C$4,1,0))+IF(G79='טבלת פרמטרים'!$D$3,2,0)+IF(M79='טבלת פרמטרים'!$J$4,2,IF(M79='טבלת פרמטרים'!$J$3,1,0))+IF(N79='טבלת פרמטרים'!$K$6,3,IF(OR(N79='טבלת פרמטרים'!$K$4,N79='טבלת פרמטרים'!$K$5),2,IF(N79='טבלת פרמטרים'!$K$3,1,0)))) -> 3 | P79: לא נפגע | Q79: לא רלוונטי | R79: =IF(ISNUMBER(T79),T79+O79,O79) -> 3 | S79: =IF(EXACT(P79,'טבלת פרמטרים'!$M$2),'טבלת פרמטרים'!$N$2,IF(EXACT(P79,'טבלת פרמטרים'!$M$3),'טבלת פרמטרים'!$N$3,IF(EXACT(P79,'טבלת פרמטרים'!$M$4),'טבלת פרמטרים'!$N$4,IF(EXACT(P79,'טבלת פרמטרים'!$M$5),'טבלת פרמטרים'!$N$5,IF(EXACT(P79,'טבלת פרמטרים'!$M$6),'טבלת פרמטרים'!$N$6,IF(EXACT(P79,'טבלת פרמטרים'!$M$7),'טבלת פרמטרים'!$N$7,IF(EXACT(P79,'טבלת פרמטרים'!$M$8),'טבלת פרמטרים'!$N$8,IF(EXACT(P79,'טבלת פרמטרים'!$M$9),'טבלת פרמטרים'!$N$9,"")))))))) -> 0 | T79: =IF(EXACT(Q79,'טבלת פרמטרים'!$O$2),'טבלת פרמטרים'!$P$2,IF(EXACT(Q79,'טבלת פרמטרים'!$O$3),'טבלת פרמטרים'!$P$3,IF(EXACT(Q79,'טבלת פרמטרים'!$O$4),'טבלת פרמטרים'!$P$4,IF(EXACT(Q79,'טבלת פרמטרים'!$O$5),'טבלת פרמטרים'!$P$5,IF(EXACT(Q79,'טבלת פרמטרים'!$O$6),'טבלת פרמטרים'!$P$6,IF(EXACT(Q79,'טבלת פרמטרים'!$O$7),'טבלת פרמטרים'!$P$7,"")))))) -> 0
A80: 79 | B80: 43263 | C80: 43263 | D80: תכנון | E80: מקרה בטיחות | F80: ללא נפגעים | G80: חד פעמי | H80: טעות אנוש | I80: עבודת בוקר | J80: מאיץ4/מאיץ5 | K80: IMRT | L80: תיק רגיל | M80: ללא | N80: ללא שינוי | O80: =IF(ISBLANK(D80),"",IF(D80='טבלת פרמטרים'!$A$9,1,0)+IF(E80='טבלת פרמטרים'!$B$5,2,1)+IF(F80='טבלת פרמטרים'!$C$5,3,IF(F80='טבלת פרמטרים'!$C$4,1,0))+IF(G80='טבלת פרמטרים'!$D$3,2,0)+IF(M80='טבלת פרמטרים'!$J$4,2,IF(M80='טבלת פרמטרים'!$J$3,1,0))+IF(N80='טבלת פרמטרים'!$K$6,3,IF(OR(N80='טבלת פרמטרים'!$K$4,N80='טבלת פרמטרים'!$K$5),2,IF(N80='טבלת פרמטרים'!$K$3,1,0)))) -> 1 | P80: לא נפגע | Q80: לא רלוונטי | R80: =IF(ISNUMBER(T80),T80+O80,O80) -> 1 | S80: =IF(EXACT(P80,'טבלת פרמטרים'!$M$2),'טבלת פרמטרים'!$N$2,IF(EXACT(P80,'טבלת פרמטרים'!$M$3),'טבלת פרמטרים'!$N$3,IF(EXACT(P80,'טבלת פרמטרים'!$M$4),'טבלת פרמטרים'!$N$4,IF(EXACT(P80,'טבלת פרמטרים'!$M$5),'טבלת פרמטרים'!$N$5,IF(EXACT(P80,'טבלת פרמטרים'!$M$6),'טבלת פרמטרים'!$N$6,IF(EXACT(P80,'טבלת פרמטרים'!$M$7),'טבלת פרמטרים'!$N$7,IF(EXACT(P80,'טבלת פרמטרים'!$M$8),'טבלת פרמטרים'!$N$8,IF(EXACT(P80,'טבלת פרמטרים'!$M$9),'טבלת פרמטרים'!$N$9,"")))))))) -> 0 | T80: =IF(EXACT(Q80,'טבלת פרמטרים'!$O$2),'טבלת פרמטרים'!$P$2,IF(EXACT(Q80,'טבלת פרמטרים'!$O$3),'טבלת פרמטרים'!$P$3,IF(EXACT(Q80,'טבלת פרמטרים'!$O$4),'טבלת פרמטרים'!$P$4,IF(EXACT(Q80,'טבלת פרמטרים'!$O$5),'טבלת פרמטרים'!$P$5,IF(EXACT(Q80,'טבלת פרמטרים'!$O$6),'טבלת פרמטרים'!$P$6,IF(EXACT(Q80,'טבלת פרמטרים'!$O$7),'טבלת פרמטרים'!$P$7,"")))))) -> 0
A81: 80 | B81: 43268 | C81: 43268 | D81: סימולציה | E81: נפגע | F81: נפגע יחיד | G81: חד פעמי | H81: תקשורת | I81: עבודת בוקר | J81: טיפול מגע | K81: טיפול מגע | L81: תיק רגיל | M81: יותר מפרמטר אחד | N81: ללא שינוי | O81: =IF(ISBLANK(D81),"",IF(D81='טבלת פרמטרים'!$A$9,1,0)+IF(E81='טבלת פרמטרים'!$B$5,2,1)+IF(F81='טבלת פרמטרים'!$C$5,3,IF(F81='טבלת פרמטרים'!$C$4,1,0))+IF(G81='טבלת פרמטרים'!$D$3,2,0)+IF(M81='טבלת פרמטרים'!$J$4,2,IF(M81='טבלת פרמטרים'!$J$3,1,0))+IF(N81='טבלת פרמטרים'!$K$6,3,IF(OR(N81='טבלת פרמטרים'!$K$4,N81='טבלת פרמטרים'!$K$5),2,IF(N81='טבלת פרמטרים'!$K$3,1,0)))) -> 5 | P81: לא נפגע | Q81: שוני במנה אבסולוטית מהמרשם בין 25% ל- 100% לכל איבר | R81: =IF(ISNUMBER(T81),T81+O81,O81) -> 13 | S81: =IF(EXACT(P81,'טבלת פרמטרים'!$M$2),'טבלת פרמטרים'!$N$2,IF(EXACT(P81,'טבלת פרמטרים'!$M$3),'טבלת פרמטרים'!$N$3,IF(EXACT(P81,'טבלת פרמטרים'!$M$4),'טבלת פרמטרים'!$N$4,IF(EXACT(P81,'טבלת פרמטרים'!$M$5),'טבלת פרמטרים'!$N$5,IF(EXACT(P81,'טבלת פרמטרים'!$M$6),'טבלת פרמטרים'!$N$6,IF(EXACT(P81,'טבלת פרמטרים'!$M$7),'טבלת פרמטרים'!$N$7,IF(EXACT(P81,'טבלת פרמטרים'!$M$8),'טבלת פרמטרים'!$N$8,IF(EXACT(P81,'טבלת פרמטרים'!$M$9),'טבלת פרמטרים'!$N$9,"")))))))) -> 0 | T81: =IF(EXACT(Q81,'טבלת פרמטרים'!$O$2),'טבלת פרמטרים'!$P$2,IF(EXACT(Q81,'טבלת פרמטרים'!$O$3),'טבלת פרמטרים'!$P$3,IF(EXACT(Q81,'טבלת פרמטרים'!$O$4),'טבלת פרמטרים'!$P$4,IF(EXACT(Q81,'טבלת פרמטרים'!$O$5),'טבלת פרמטרים'!$P$5,IF(EXACT(Q81,'טבלת פרמטרים'!$O$6),'טבלת פרמטרים'!$P$6,IF(EXACT(Q81,'טבלת פרמטרים'!$O$7),'טבלת פרמטרים'!$P$7,"")))))) -> 8
A82: 81 | B82: 43269 | C82: 43270 | D82: מהלך טיפול | E82: נפגע | F82: נפגע יחיד | G82: חד פעמי | H82: תקלה טכנית | I82: עבודת ערב | J82: מאיץ3 | K82: IMRT | L82: תיק רגיל | M82: ללא | N82: ללא שינוי | O82: =IF(ISBLANK(D82),"",IF(D82='טבלת פרמטרים'!$A$9,1,0)+IF(E82='טבלת פרמטרים'!$B$5,2,1)+IF(F82='טבלת פרמטרים'!$C$5,3,IF(F82='טבלת פרמטרים'!$C$4,1,0))+IF(G82='טבלת פרמטרים'!$D$3,2,0)+IF(M82='טבלת פרמטרים'!$J$4,2,IF(M82='טבלת פרמטרים'!$J$3,1,0))+IF(N82='טבלת פרמטרים'!$K$6,3,IF(OR(N82='טבלת פרמטרים'!$K$4,N82='טבלת פרמטרים'!$K$5),2,IF(N82='טבלת פרמטרים'!$K$3,1,0)))) -> 4 | P82: לא נפגע | Q82: שוני במנה אבסולוטית מהמרשם קטן מ- 5% לכל איבר | R82: =IF(ISNUMBER(T82),T82+O82,O82) -> 5 | S82: =IF(EXACT(P82,'טבלת פרמטרים'!$M$2),'טבלת פרמטרים'!$N$2,IF(EXACT(P82,'טבלת פרמטרים'!$M$3),'טבלת פרמטרים'!$N$3,IF(EXACT(P82,'טבלת פרמטרים'!$M$4),'טבלת פרמטרים'!$N$4,IF(EXACT(P82,'טבלת פרמטרים'!$M$5),'טבלת פרמטרים'!$N$5,IF(EXACT(P82,'טבלת פרמטרים'!$M$6),'טבלת פרמטרים'!$N$6,IF(EXACT(P82,'טבלת פרמטרים'!$M$7),'טבלת פרמטרים'!$N$7,IF(EXACT(P82,'טבלת פרמטרים'!$M$8),'טבלת פרמטרים'!$N$8,IF(EXACT(P82,'טבלת פרמטרים'!$M$9),'טבלת פרמטרים'!$N$9,"")))))))) -> 0 | T82: =IF(EXACT(Q82,'טבלת פרמטרים'!$O$2),'טבלת פרמטרים'!$P$2,IF(EXACT(Q82,'טבלת פרמטרים'!$O$3),'טבלת פרמטרים'!$P$3,IF(EXACT(Q82,'טבלת פרמטרים'!$O$4),'טבלת פרמטרים'!$P$4,IF(EXACT(Q82,'טבלת פרמטרים'!$O$5),'טבלת פרמטרים'!$P$5,IF(EXACT(Q82,'טבלת פרמטרים'!$O$6),'טבלת פרמטרים'!$P$6,IF(EXACT(Q82,'טבלת פרמטרים'!$O$7),'טבלת פרמטרים'!$P$7,"")))))) -> 1
A83: 82 | B83: 43270 | C83: 43270 | D83: קבלה | E83: מנהלי | F83: ללא נפגעים | G83: חד פעמי | H83: תקשורת | I83: עבודת בוקר | J83: מאיץ1/מאיץ2 | K83: IMRT | L83: תיק מהיר | M83: יותר מפרמטר אחד | N83: חידוד נהל קיים | O83: =IF(ISBLANK(D83),"",IF(D83='טבלת פרמטרים'!$A$9,1,0)+IF(E83='טבלת פרמטרים'!$B$5,2,1)+IF(F83='טבלת פרמטרים'!$C$5,3,IF(F83='טבלת פרמטרים'!$C$4,1,0))+IF(G83='טבלת פרמטרים'!$D$3,2,0)+IF(M83='טבלת פרמטרים'!$J$4,2,IF(M83='טבלת פרמטרים'!$J$3,1,0))+IF(N83='טבלת פרמטרים'!$K$6,3,IF(OR(N83='טבלת פרמטרים'!$K$4,N83='טבלת פרמטרים'!$K$5),2,IF(N83='טבלת פרמטרים'!$K$3,1,0)))) -> 4 | P83: לא נפגע | Q83: לא רלוונטי | R83: =IF(ISNUMBER(T83),T83+O83,O83) -> 4 | S83: =IF(EXACT(P83,'טבלת פרמטרים'!$M$2),'טבלת פרמטרים'!$N$2,IF(EXACT(P83,'טבלת פרמטרים'!$M$3),'טבלת פרמטרים'!$N$3,IF(EXACT(P83,'טבלת פרמטרים'!$M$4),'טבלת פרמטרים'!$N$4,IF(EXACT(P83,'טבלת פרמטרים'!$M$5),'טבלת פרמטרים'!$N$5,IF(EXACT(P83,'טבלת פרמטרים'!$M$6),'טבלת פרמטרים'!$N$6,IF(EXACT(P83,'טבלת פרמטרים'!$M$7),'טבלת פרמטרים'!$N$7,IF(EXACT(P83,'טבלת פרמטרים'!$M$8),'טבלת פרמטרים'!$N$8,IF(EXACT(P83,'טבלת פרמטרים'!$M$9),'טבלת פרמטרים'!$N$9,"")))))))) -> 0 | T83: =IF(EXACT(Q83,'טבלת פרמטרים'!$O$2),'טבלת פרמטרים'!$P$2,IF(EXACT(Q83,'טבלת פרמטרים'!$O$3),'טבלת פרמטרים'!$P$3,IF(EXACT(Q83,'טבלת פרמטרים'!$O$4),'טבלת פרמטרים'!$P$4,IF(EXACT(Q83,'טבלת פרמטרים'!$O$5),'טבלת פרמטרים'!$P$5,IF(EXACT(Q83,'טבלת פרמטרים'!$O$6),'טבלת פרמטרים'!$P$6,IF(EXACT(Q83,'טבלת פרמטרים'!$O$7),'טבלת פרמטרים'!$P$7,"")))))) -> 0
A84: 83 | B84: 43271 | C84: 43271 | D84: מרשם | E84: מנהלי | F84: ללא נפגעים | G84: חד פעמי | H84: תרבות עבודה | I84: עבודת בוקר | J84: מאיץ1/מאיץ2 | K84: SBRT | L84: תיק רגיל | M84: פרמטר יחיד | N84: חידוד נהל קיים | O84: =IF(ISBLANK(D84),"",IF(D84='טבלת פרמטרים'!$A$9,1,0)+IF(E84='טבלת פרמטרים'!$B$5,2,1)+IF(F84='טבלת פרמטרים'!$C$5,3,IF(F84='טבלת פרמטרים'!$C$4,1,0))+IF(G84='טבלת פרמטרים'!$D$3,2,0)+IF(M84='טבלת פרמטרים'!$J$4,2,IF(M84='טבלת פרמטרים'!$J$3,1,0))+IF(N84='טבלת פרמטרים'!$K$6,3,IF(OR(N84='טבלת פרמטרים'!$K$4,N84='טבלת פרמטרים'!$K$5),2,IF(N84='טבלת פרמטרים'!$K$3,1,0)))) -> 3 | P84: לא נפגע | Q84: לא רלוונטי | R84: =IF(ISNUMBER(T84),T84+O84,O84) -> 3 | S84: =IF(EXACT(P84,'טבלת פרמטרים'!$M$2),'טבלת פרמטרים'!$N$2,IF(EXACT(P84,'טבלת פרמטרים'!$M$3),'טבלת פרמטרים'!$N$3,IF(EXACT(P84,'טבלת פרמטרים'!$M$4),'טבלת פרמטרים'!$N$4,IF(EXACT(P84,'טבלת פרמטרים'!$M$5),'טבלת פרמטרים'!$N$5,IF(EXACT(P84,'טבלת פרמטרים'!$M$6),'טבלת פרמטרים'!$N$6,IF(EXACT(P84,'טבלת פרמטרים'!$M$7),'טבלת פרמטרים'!$N$7,IF(EXACT(P84,'טבלת פרמטרים'!$M$8),'טבלת פרמטרים'!$N$8,IF(EXACT(P84,'טבלת פרמטרים'!$M$9),'טבלת פרמטרים'!$N$9,"")))))))) -> 0 | T84: =IF(EXACT(Q84,'טבלת פרמטרים'!$O$2),'טבלת פרמטרים'!$P$2,IF(EXACT(Q84,'טבלת פרמטרים'!$O$3),'טבלת פרמטרים'!$P$3,IF(EXACT(Q84,'טבלת פרמטרים'!$O$4),'טבלת פרמטרים'!$P$4,IF(EXACT(Q84,'טבלת פרמטרים'!$O$5),'טבלת פרמטרים'!$P$5,IF(EXACT(Q84,'טבלת פרמטרים'!$O$6),'טבלת פרמטרים'!$P$6,IF(EXACT(Q84,'טבלת פרמטרים'!$O$7),'טבלת פרמטרים'!$P$7,"")))))) -> 0
A85: 84 | B85: 43277 | C85: 43277 | D85: מרשם | E85: מקרה בטיחות | F85: ללא נפגעים | G85: חד פעמי | H85: תקשורת | I85: עבודת בוקר | J85: מאיץ1/מאיץ2 | K85: SBRT | L85: תיק רגיל | M85: פרמטר יחיד | N85: שינוי נוהל קיים | O85: =IF(ISBLANK(D85),"",IF(D85='טבלת פרמטרים'!$A$9,1,0)+IF(E85='טבלת פרמטרים'!$B$5,2,1)+IF(F85='טבלת פרמטרים'!$C$5,3,IF(F85='טבלת פרמטרים'!$C$4,1,0))+IF(G85='טבלת פרמטרים'!$D$3,2,0)+IF(M85='טבלת פרמטרים'!$J$4,2,IF(M85='טבלת פרמטרים'!$J$3,1,0))+IF(N85='טבלת פרמטרים'!$K$6,3,IF(OR(N85='טבלת פרמטרים'!$K$4,N85='טבלת פרמטרים'!$K$5),2,IF(N85='טבלת פרמטרים'!$K$3,1,0)))) -> 4 | P85: לא נפגע | Q85: לא רלוונטי | R85: =IF(ISNUMBER(T85),T85+O85,O85) -> 4 | S85: =IF(EXACT(P85,'טבלת פרמטרים'!$M$2),'טבלת פרמטרים'!$N$2,IF(EXACT(P85,'טבלת פרמטרים'!$M$3),'טבלת פרמטרים'!$N$3,IF(EXACT(P85,'טבלת פרמטרים'!$M$4),'טבלת פרמטרים'!$N$4,IF(EXACT(P85,'טבלת פרמטרים'!$M$5),'טבלת פרמטרים'!$N$5,IF(EXACT(P85,'טבלת פרמטרים'!$M$6),'טבלת פרמטרים'!$N$6,IF(EXACT(P85,'טבלת פרמטרים'!$M$7),'טבלת פרמטרים'!$N$7,IF(EXACT(P85,'טבלת פרמטרים'!$M$8),'טבלת פרמטרים'!$N$8,IF(EXACT(P85,'טבלת פרמטרים'!$M$9),'טבלת פרמטרים'!$N$9,"")))))))) -> 0 | T85: =IF(EXACT(Q85,'טבלת פרמטרים'!$O$2),'טבלת פרמטרים'!$P$2,IF(EXACT(Q85,'טבלת פרמטרים'!$O$3),'טבלת פרמטרים'!$P$3,IF(EXACT(Q85,'טבלת פרמטרים'!$O$4),'טבלת פרמטרים'!$P$4,IF(EXACT(Q85,'טבלת פרמטרים'!$O$5),'טבלת פרמטרים'!$P$5,IF(EXACT(Q85,'טבלת פרמטרים'!$O$6),'טבלת פרמטרים'!$P$6,IF(EXACT(Q85,'טבלת פרמטרים'!$O$7),'טבלת פרמטרים'!$P$7,"")))))) -> 0
A86: 85 | B86: 43278 | C86: 43278 | D86: מרשם | E86: מקרה בטיחות | F86: ללא נפגעים | G86: חד פעמי | H86: טעות אנוש | I86: עבודת בוקר | J86: מאיץ4/מאיץ5 | K86: 3D | L86: תיק רגיל | M86: ללא | N86: חידוד נהל קיים | O86: =IF(ISBLANK(D86),"",IF(D86='טבלת פרמטרים'!$A$9,1,0)+IF(E86='טבלת פרמטרים'!$B$5,2,1)+IF(F86='טבלת פרמטרים'!$C$5,3,IF(F86='טבלת פרמטרים'!$C$4,1,0))+IF(G86='טבלת פרמטרים'!$D$3,2,0)+IF(M86='טבלת פרמטרים'!$J$4,2,IF(M86='טבלת פרמטרים'!$J$3,1,0))+IF(N86='טבלת פרמטרים'!$K$6,3,IF(OR(N86='טבלת פרמטרים'!$K$4,N86='טבלת פרמטרים'!$K$5),2,IF(N86='טבלת פרמטרים'!$K$3,1,0)))) -> 2 | P86: לא נפגע | Q86: לא רלוונטי | R86: =IF(ISNUMBER(T86),T86+O86,O86) -> 2 | S86: =IF(EXACT(P86,'טבלת פרמטרים'!$M$2),'טבלת פרמטרים'!$N$2,IF(EXACT(P86,'טבלת פרמטרים'!$M$3),'טבלת פרמטרים'!$N$3,IF(EXACT(P86,'טבלת פרמטרים'!$M$4),'טבלת פרמטרים'!$N$4,IF(EXACT(P86,'טבלת פרמטרים'!$M$5),'טבלת פרמטרים'!$N$5,IF(EXACT(P86,'טבלת פרמטרים'!$M$6),'טבלת פרמטרים'!$N$6,IF(EXACT(P86,'טבלת פרמטרים'!$M$7),'טבלת פרמטרים'!$N$7,IF(EXACT(P86,'טבלת פרמטרים'!$M$8),'טבלת פרמטרים'!$N$8,IF(EXACT(P86,'טבלת פרמטרים'!$M$9),'טבלת פרמטרים'!$N$9,"")))))))) -> 0 | T86: =IF(EXACT(Q86,'טבלת פרמטרים'!$O$2),'טבלת פרמטרים'!$P$2,IF(EXACT(Q86,'טבלת פרמטרים'!$O$3),'טבלת פרמטרים'!$P$3,IF(EXACT(Q86,'טבלת פרמטרים'!$O$4),'טבלת פרמטרים'!$P$4,IF(EXACT(Q86,'טבלת פרמטרים'!$O$5),'טבלת פרמטרים'!$P$5,IF(EXACT(Q86,'טבלת פרמטרים'!$O$6),'טבלת פרמטרים'!$P$6,IF(EXACT(Q86,'טבלת פרמטרים'!$O$7),'טבלת פרמטרים'!$P$7,"")))))) -> 0
A87: 86 | B87: 43278 | C87: 43278 | D87: מרשם | E87: מנהלי | F87: ללא נפגעים | G87: חד פעמי | H87: תרבות עבודה | I87: עבודת בוקר | J87: מאיץ1/מאיץ2 | K87: SBRT | L87: תיק רגיל | M87: פרמטר יחיד | N87: חידוד נהל קיים | O87: =IF(ISBLANK(D87),"",IF(D87='טבלת פרמטרים'!$A$9,1,0)+IF(E87='טבלת פרמטרים'!$B$5,2,1)+IF(F87='טבלת פרמטרים'!$C$5,3,IF(F87='טבלת פרמטרים'!$C$4,1,0))+IF(G87='טבלת פרמטרים'!$D$3,2,0)+IF(M87='טבלת פרמטרים'!$J$4,2,IF(M87='טבלת פרמטרים'!$J$3,1,0))+IF(N87='טבלת פרמטרים'!$K$6,3,IF(OR(N87='טבלת פרמטרים'!$K$4,N87='טבלת פרמטרים'!$K$5),2,IF(N87='טבלת פרמטרים'!$K$3,1,0)))) -> 3 | P87: לא נפגע | Q87: לא רלוונטי | R87: =IF(ISNUMBER(T87),T87+O87,O87) -> 3 | S87: =IF(EXACT(P87,'טבלת פרמטרים'!$M$2),'טבלת פרמטרים'!$N$2,IF(EXACT(P87,'טבלת פרמטרים'!$M$3),'טבלת פרמטרים'!$N$3,IF(EXACT(P87,'טבלת פרמטרים'!$M$4),'טבלת פרמטרים'!$N$4,IF(EXACT(P87,'טבלת פרמטרים'!$M$5),'טבלת פרמטרים'!$N$5,IF(EXACT(P87,'טבלת פרמטרים'!$M$6),'טבלת פרמטרים'!$N$6,IF(EXACT(P87,'טבלת פרמטרים'!$M$7),'טבלת פרמטרים'!$N$7,IF(EXACT(P87,'טבלת פרמטרים'!$M$8),'טבלת פרמטרים'!$N$8,IF(EXACT(P87,'טבלת פרמטרים'!$M$9),'טבלת פרמטרים'!$N$9,"")))))))) -> 0 | T87: =IF(EXACT(Q87,'טבלת פרמטרים'!$O$2),'טבלת פרמטרים'!$P$2,IF(EXACT(Q87,'טבלת פרמטרים'!$O$3),'טבלת פרמטרים'!$P$3,IF(EXACT(Q87,'טבלת פרמטרים'!$O$4),'טבלת פרמטרים'!$P$4,IF(EXACT(Q87,'טבלת פרמטרים'!$O$5),'טבלת פרמטרים'!$P$5,IF(EXACT(Q87,'טבלת פרמטרים'!$O$6),'טבלת פרמטרים'!$P$6,IF(EXACT(Q87,'טבלת פרמטרים'!$O$7),'טבלת פרמטרים'!$P$7,"")))))) -> 0
A88: 87 | B88: 43279 | C88: 43282 | D88: סימון | E88: מנהלי | F88: ללא נפגעים | G88: חד פעמי | H88: תרבות עבודה | I88: עבודת בוקר | J88: מאיץ1/מאיץ2 | K88: IMRT | L88: תיק רגיל | M88: ללא | N88: חידוד נהל קיים | O88: =IF(ISBLANK(D88),"",IF(D88='טבלת פרמטרים'!$A$9,1,0)+IF(E88='טבלת פרמטרים'!$B$5,2,1)+IF(F88='טבלת פרמטרים'!$C$5,3,IF(F88='טבלת פרמטרים'!$C$4,1,0))+IF(G88='טבלת פרמטרים'!$D$3,2,0)+IF(M88='טבלת פרמטרים'!$J$4,2,IF(M88='טבלת פרמטרים'!$J$3,1,0))+IF(N88='טבלת פרמטרים'!$K$6,3,IF(OR(N88='טבלת פרמטרים'!$K$4,N88='טבלת פרמטרים'!$K$5),2,IF(N88='טבלת פרמטרים'!$K$3,1,0)))) -> 2 | P88: לא נפגע | Q88: לא רלוונטי | R88: =IF(ISNUMBER(T88),T88+O88,O88) -> 2 | S88: =IF(EXACT(P88,'טבלת פרמטרים'!$M$2),'טבלת פרמטרים'!$N$2,IF(EXACT(P88,'טבלת פרמטרים'!$M$3),'טבלת פרמטרים'!$N$3,IF(EXACT(P88,'טבלת פרמטרים'!$M$4),'טבלת פרמטרים'!$N$4,IF(EXACT(P88,'טבלת פרמטרים'!$M$5),'טבלת פרמטרים'!$N$5,IF(EXACT(P88,'טבלת פרמטרים'!$M$6),'טבלת פרמטרים'!$N$6,IF(EXACT(P88,'טבלת פרמטרים'!$M$7),'טבלת פרמטרים'!$N$7,IF(EXACT(P88,'טבלת פרמטרים'!$M$8),'טבלת פרמטרים'!$N$8,IF(EXACT(P88,'טבלת פרמטרים'!$M$9),'טבלת פרמטרים'!$N$9,"")))))))) -> 0 | T88: =IF(EXACT(Q88,'טבלת פרמטרים'!$O$2),'טבלת פרמטרים'!$P$2,IF(EXACT(Q88,'טבלת פרמטרים'!$O$3),'טבלת פרמטרים'!$P$3,IF(EXACT(Q88,'טבלת פרמטרים'!$O$4),'טבלת פרמטרים'!$P$4,IF(EXACT(Q88,'טבלת פרמטרים'!$O$5),'טבלת פרמטרים'!$P$5,IF(EXACT(Q88,'טבלת פרמטרים'!$O$6),'טבלת פרמטרים'!$P$6,IF(EXACT(Q88,'טבלת פרמטרים'!$O$7),'טבלת פרמטרים'!$P$7,"")))))) -> 0
... A101: 100 | B101: 43368 | C101: 43369 | D101: לפני טיפול | E101: מקרה בטיחות | F101: ללא נפגעים | G101: חד פעמי | H101: טעות אנוש | I101: עבודת בוקר | J101: ברכיתרפיה | K101: ברכיתרפיה | L101: תיק דחוף | M101: יותר מפרמטר אחד | N101: ללא שינוי | O101: =IF(ISBLANK(D101),"",IF(D101='טבלת פרמטרים'!$A$9,1,0)+IF(E101='טבלת פרמטרים'!$B$5,2,1)+IF(F101='טבלת פרמטרים'!$C$5,3,IF(F101='טבלת פרמטרים'!$C$4,1,0))+IF(G101='טבלת פרמטרים'!$D$3,2,0)+IF(M101='טבלת פרמטרים'!$J$4,2,IF(M101='טבלת פרמטרים'!$J$3,1,0))+IF(N101='טבלת פרמטרים'!$K$6,3,IF(OR(N101='טבלת פרמטרים'!$K$4,N101='טבלת פרמטרים'!$K$5),2,IF(N101='טבלת פרמטרים'!$K$3,1,0)))) -> 3 | P101: לא נפגע | Q101: לא רלוונטי | R101: =IF(ISNUMBER(T101),T101+O101,O101) -> 3 | S101: =IF(EXACT(P101,'טבלת פרמטרים'!$M$2),'טבלת פרמטרים'!$N$2,IF(EXACT(P101,'טבלת פרמטרים'!$M$3),'טבלת פרמטרים'!$N$3,IF(EXACT(P101,'טבלת פרמטרים'!$M$4),'טבלת פרמטרים'!$N$4,IF(EXACT(P101,'טבלת פרמטרים'!$M$5),'טבלת פרמטרים'!$N$5,IF(EXACT(P101,'טבלת פרמטרים'!$M$6),'טבלת פרמטרים'!$N$6,IF(EXACT(P101,'טבלת פרמטרים'!$M$7),'טבלת פרמטרים'!$N$7,IF(EXACT(P101,'טבלת פרמטרים'!$M$8),'טבלת פרמטרים'!$N$8,IF(EXACT(P101,'טבלת פרמטרים'!$M$9),'טבלת פרמטרים'!$N$9,"")))))))) -> 0 | T101: =IF(EXACT(Q101,'טבלת פרמטרים'!$O$2),'טבלת פרמטרים'!$P$2,IF(EXACT(Q101,'טבלת פרמטרים'!$O$3),'טבלת פרמטרים'!$P$3,IF(EXACT(Q101,'טבלת פרמטרים'!$O$4),'טבלת פרמטרים'!$P$4,IF(EXACT(Q101,'טבלת פרמטרים'!$O$5),'טבלת פרמטרים'!$P$5,IF(EXACT(Q101,'טבלת פרמטרים'!$O$6),'טבלת פרמטרים'!$P$6,IF(EXACT(Q101,'טבלת פרמטרים'!$O$7),'טבלת פרמטרים'!$P$7,"")))))) -> 0
A102: 101 | B102: 43375 | C102: 43376 | D102: בקרת איכות | E102: מקרה בטיחות | F102: ללא נפגעים | G102: חד פעמי | H102: תרבות עבודה | I102: עבודת בוקר | J102: מאיץ1/מאיץ2 | K102: SRS\SRT | L102: תיק רגיל | M102: יותר מפרמטר אחד | O102: =IF(ISBLANK(D102),"",IF(D102='טבלת פרמטרים'!$A$9,1,0)+IF(E102='טבלת פרמטרים'!$B$5,2,1)+IF(F102='טבלת פרמטרים'!$C$5,3,IF(F102='טבלת פרמטרים'!$C$4,1,0))+IF(G102='טבלת פרמטרים'!$D$3,2,0)+IF(M102='טבלת פרמטרים'!$J$4,2,IF(M102='טבלת פרמטרים'!$J$3,1,0))+IF(N102='טבלת פרמטרים'!$K$6,3,IF(OR(N102='טבלת פרמטרים'!$K$4,N102='טבלת פרמטרים'!$K$5),2,IF(N102='טבלת פרמטרים'!$K$3,1,0)))) -> 3 | P102: לא נפגע | Q102: לא רלוונטי | R102: =IF(ISNUMBER(T102),T102+O102,O102) -> 3 | S102: =IF(EXACT(P102,'טבלת פרמטרים'!$M$2),'טבלת פרמטרים'!$N$2,IF(EXACT(P102,'טבלת פרמטרים'!$M$3),'טבלת פרמטרים'!$N$3,IF(EXACT(P102,'טבלת פרמטרים'!$M$4),'טבלת פרמטרים'!$N$4,IF(EXACT(P102,'טבלת פרמטרים'!$M$5),'טבלת פרמטרים'!$N$5,IF(EXACT(P102,'טבלת פרמטרים'!$M$6),'טבלת פרמטרים'!$N$6,IF(EXACT(P102,'טבלת פרמטרים'!$M$7),'טבלת פרמטרים'!$N$7,IF(EXACT(P102,'טבלת פרמטרים'!$M$8),'טבלת פרמטרים'!$N$8,IF(EXACT(P102,'טבלת פרמטרים'!$M$9),'טבלת פרמטרים'!$N$9,"")))))))) -> 0 | T102: =IF(EXACT(Q102,'טבלת פרמטרים'!$O$2),'טבלת פרמטרים'!$P$2,IF(EXACT(Q102,'טבלת פרמטרים'!$O$3),'טבלת פרמטרים'!$P$3,IF(EXACT(Q102,'טבלת פרמטרים'!$O$4),'טבלת פרמטרים'!$P$4,IF(EXACT(Q102,'טבלת פרמטרים'!$O$5),'טבלת פרמטרים'!$P$5,IF(EXACT(Q102,'טבלת פרמטרים'!$O$6),'טבלת פרמטרים'!$P$6,IF(EXACT(Q102,'טבלת פרמטרים'!$O$7),'טבלת פרמטרים'!$P$7,"")))))) -> 0
A103: 102 | B103: 43384 | C103: 43384 | D103: סימולציה | E103: מנהלי | F103: ללא נפגעים | G103: חד פעמי | H103: נהל עבודה | I103: עבודת בוקר | J103: סימולציה | K103: SBRT | L103: תיק רגיל | M103: ללא | N103: חידוד נהל קיים | O103: =IF(ISBLANK(D103),"",IF(D103='טבלת פרמטרים'!$A$9,1,0)+IF(E103='טבלת פרמטרים'!$B$5,2,1)+IF(F103='טבלת פרמטרים'!$C$5,3,IF(F103='טבלת פרמטרים'!$C$4,1,0))+IF(G103='טבלת פרמטרים'!$D$3,2,0)+IF(M103='טבלת פרמטרים'!$J$4,2,IF(M103='טבלת פרמטרים'!$J$3,1,0))+IF(N103='טבלת פרמטרים'!$K$6,3,IF(OR(N103='טבלת פרמטרים'!$K$4,N103='טבלת פרמטרים'!$K$5),2,IF(N103='טבלת פרמטרים'!$K$3,1,0)))) -> 2 | P103: לא נפגע | Q103: לא רלוונטי | R103: =IF(ISNUMBER(T103),T103+O103,O103) -> 2 | S103: =IF(EXACT(P103,'טבלת פרמטרים'!$M$2),'טבלת פרמטרים'!$N$2,IF(EXACT(P103,'טבלת פרמטרים'!$M$3),'טבלת פרמטרים'!$N$3,IF(EXACT(P103,'טבלת פרמטרים'!$M$4),'טבלת פרמטרים'!$N$4,IF(EXACT(P103,'טבלת פרמטרים'!$M$5),'טבלת פרמטרים'!$N$5,IF(EXACT(P103,'טבלת פרמטרים'!$M$6),'טבלת פרמטרים'!$N$6,IF(EXACT(P103,'טבלת פרמטרים'!$M$7),'טבלת פרמטרים'!$N$7,IF(EXACT(P103,'טבלת פרמטרים'!$M$8),'טבלת פרמטרים'!$N$8,IF(EXACT(P103,'טבלת פרמטרים'!$M$9),'טבלת פרמטרים'!$N$9,"")))))))) -> 0 | T103: =IF(EXACT(Q103,'טבלת פרמטרים'!$O$2),'טבלת פרמטרים'!$P$2,IF(EXACT(Q103,'טבלת פרמטרים'!$O$3),'טבלת פרמטרים'!$P$3,IF(EXACT(Q103,'טבלת פרמטרים'!$O$4),'טבלת פרמטרים'!$P$4,IF(EXACT(Q103,'טבלת פרמטרים'!$O$5),'טבלת פרמטרים'!$P$5,IF(EXACT(Q103,'טבלת פרמטרים'!$O$6),'טבלת פרמטרים'!$P$6,IF(EXACT(Q103,'טבלת פרמטרים'!$O$7),'טבלת פרמטרים'!$P$7,"")))))) -> 0
A104: 103 | B104: 43356 | C104: 43357 | D104: סימולציה | E104: מנהלי | F104: ללא נפגעים | G104: חד פעמי | H104: טעות אנוש | I104: עבודת ערב | J104: סימולציה | K104: SBRT | L104: תיק רגיל | M104: יותר מפרמטר אחד | N104: ללא שינוי | O104: =IF(ISBLANK(D104),"",IF(D104='טבלת פרמטרים'!$A$9,1,0)+IF(E104='טבלת פרמטרים'!$B$5,2,1)+IF(F104='טבלת פרמטרים'!$C$5,3,IF(F104='טבלת פרמטרים'!$C$4,1,0))+IF(G104='טבלת פרמטרים'!$D$3,2,0)+IF(M104='טבלת פרמטרים'!$J$4,2,IF(M104='טבלת פרמטרים'!$J$3,1,0))+IF(N104='טבלת פרמטרים'!$K$6,3,IF(OR(N104='טבלת פרמטרים'!$K$4,N104='טבלת פרמטרים'!$K$5),2,IF(N104='טבלת פרמטרים'!$K$3,1,0)))) -> 3 | P104: לא נפגע | Q104: לא רלוונטי | R104: =IF(ISNUMBER(T104),T104+O104,O104) -> 3 | S104: =IF(EXACT(P104,'טבלת פרמטרים'!$M$2),'טבלת פרמטרים'!$N$2,IF(EXACT(P104,'טבלת פרמטרים'!$M$3),'טבלת פרמטרים'!$N$3,IF(EXACT(P104,'טבלת פרמטרים'!$M$4),'טבלת פרמטרים'!$N$4,IF(EXACT(P104,'טבלת פרמטרים'!$M$5),'טבלת פרמטרים'!$N$5,IF(EXACT(P104,'טבלת פרמטרים'!$M$6),'טבלת פרמטרים'!$N$6,IF(EXACT(P104,'טבלת פרמטרים'!$M$7),'טבלת פרמטרים'!$N$7,IF(EXACT(P104,'טבלת פרמטרים'!$M$8),'טבלת פרמטרים'!$N$8,IF(EXACT(P104,'טבלת פרמטרים'!$M$9),'טבלת פרמטרים'!$N$9,"")))))))) -> 0 | T104: =IF(EXACT(Q104,'טבלת פרמטרים'!$O$2),'טבלת פרמטרים'!$P$2,IF(EXACT(Q104,'טבלת פרמטרים'!$O$3),'טבלת פרמטרים'!$P$3,IF(EXACT(Q104,'טבלת פרמטרים'!$O$4),'טבלת פרמטרים'!$P$4,IF(EXACT(Q104,'טבלת פרמטרים'!$O$5),'טבלת פרמטרים'!$P$5,IF(EXACT(Q104,'טבלת פרמטרים'!$O$6),'טבלת פרמטרים'!$P$6,IF(EXACT(Q104,'טבלת פרמטרים'!$O$7),'טבלת פרמטרים'!$P$7,"")))))) -> 0
A105: 104 | B105: 43389 | C105: 43396 | D105: סימולציה | E105: מנהלי | F105: ללא נפגעים | G105: חד פעמי | H105: תרבות עבודה | I105: עבודת בוקר | J105: סימולציה | K105: SRS\SRT | L105: תיק רגיל | M105: ללא | N105: ללא שינוי | O105: =IF(ISBLANK(D105),"",IF(D105='טבלת פרמטרים'!$A$9,1,0)+IF(E105='טבלת פרמטרים'!$B$5,2,1)+IF(F105='טבלת פרמטרים'!$C$5,3,IF(F105='טבלת פרמטרים'!$C$4,1,0))+IF(G105='טבלת פרמטרים'!$D$3,2,0)+IF(M105='טבלת פרמטרים'!$J$4,2,IF(M105='טבלת פרמטרים'!$J$3,1,0))+IF(N105='טבלת פרמטרים'!$K$6,3,IF(OR(N105='טבלת פרמטרים'!$K$4,N105='טבלת פרמטרים'!$K$5),2,IF(N105='טבלת פרמטרים'!$K$3,1,0)))) -> 1 | P105: לא נפגע | Q105: לא רלוונטי | R105: =IF(ISNUMBER(T105),T105+O105,O105) -> 1 | S105: =IF(EXACT(P105,'טבלת פרמטרים'!$M$2),'טבלת פרמטרים'!$N$2,IF(EXACT(P105,'טבלת פרמטרים'!$M$3),'טבלת פרמטרים'!$N$3,IF(EXACT(P105,'טבלת פרמטרים'!$M$4),'טבלת פרמטרים'!$N$4,IF(EXACT(P105,'טבלת פרמטרים'!$M$5),'טבלת פרמטרים'!$N$5,IF(EXACT(P105,'טבלת פרמטרים'!$M$6),'טבלת פרמטרים'!$N$6,IF(EXACT(P105,'טבלת פרמטרים'!$M$7),'טבלת פרמטרים'!$N$7,IF(EXACT(P105,'טבלת פרמטרים'!$M$8),'טבלת פרמטרים'!$N$8,IF(EXACT(P105,'טבלת פרמטרים'!$M$9),'טבלת פרמטרים'!$N$9,"")))))))) -> 0 | T105: =IF(EXACT(Q105,'טבלת פרמטרים'!$O$2),'טבלת פרמטרים'!$P$2,IF(EXACT(Q105,'טבלת פרמטרים'!$O$3),'טבלת פרמטרים'!$P$3,IF(EXACT(Q105,'טבלת פרמטרים'!$O$4),'טבלת פרמטרים'!$P$4,IF(EXACT(Q105,'טבלת פרמטרים'!$O$5),'טבלת פרמטרים'!$P$5,IF(EXACT(Q105,'טבלת פרמטרים'!$O$6),'טבלת פרמטרים'!$P$6,IF(EXACT(Q105,'טבלת פרמטרים'!$O$7),'טבלת פרמטרים'!$P$7,"")))))) -> 0
A106: 105 | B106: 43404 | C106: 43404 | D106: קבלה | E106: נפגע | F106: נפגע יחיד | G106: חד פעמי | H106: טעות אנוש | I106: עבודת בוקר | J106: מאיץ3 | K106: IMRT | L106: תיק רגיל | M106: יותר מפרמטר אחד | N106: נהל חדש | O106: =IF(ISBLANK(D106),"",IF(D106='טבלת פרמטרים'!$A$9,1,0)+IF(E106='טבלת פרמטרים'!$B$5,2,1)+IF(F106='טבלת פרמטרים'!$C$5,3,IF(F106='טבלת פרמטרים'!$C$4,1,0))+IF(G106='טבלת פרמטרים'!$D$3,2,0)+IF(M106='טבלת פרמטרים'!$J$4,2,IF(M106='טבלת פרמטרים'!$J$3,1,0))+IF(N106='טבלת פרמטרים'!$K$6,3,IF(OR(N106='טבלת פרמטרים'!$K$4,N106='טבלת פרמטרים'!$K$5),2,IF(N106='טבלת פרמטרים'!$K$3,1,0)))) -> 7 | P106: לא נפגע | Q106: שוני במנה אבסולוטית מהמרשם קטן מ- 5% לכל איבר | R106: =IF(ISNUMBER(T106),T106+O106,O106) -> 8 | S106: =IF(EXACT(P106,'טבלת פרמטרים'!$M$2),'טבלת פרמטרים'!$N$2,IF(EXACT(P106,'טבלת פרמטרים'!$M$3),'טבלת פרמטרים'!$N$3,IF(EXACT(P106,'טבלת פרמטרים'!$M$4),'טבלת פרמטרים'!$N$4,IF(EXACT(P106,'טבלת פרמטרים'!$M$5),'טבלת פרמטרים'!$N$5,IF(EXACT(P106,'טבלת פרמטרים'!$M$6),'טבלת פרמטרים'!$N$6,IF(EXACT(P106,'טבלת פרמטרים'!$M$7),'טבלת פרמטרים'!$N$7,IF(EXACT(P106,'טבלת פרמטרים'!$M$8),'טבלת פרמטרים'!$N$8,IF(EXACT(P106,'טבלת פרמטרים'!$M$9),'טבלת פרמטרים'!$N$9,"")))))))) -> 0 | T106: =IF(EXACT(Q106,'טבלת פרמטרים'!$O$2),'טבלת פרמטרים'!$P$2,IF(EXACT(Q106,'טבלת פרמטרים'!$O$3),'טבלת פרמטרים'!$P$3,IF(EXACT(Q106,'טבלת פרמטרים'!$O$4),'טבלת פרמטרים'!$P$4,IF(EXACT(Q106,'טבלת פרמטרים'!$O$5),'טבלת פרמטרים'!$P$5,IF(EXACT(Q106,'טבלת פרמטרים'!$O$6),'טבלת פרמטרים'!$P$6,IF(EXACT(Q106,'טבלת פרמטרים'!$O$7),'טבלת פרמטרים'!$P$7,"")))))) -> 1
A107: 106 | B107: 43418 | C107: 43418 | D107: תכנון | E107: מנהלי | F107: ללא נפגעים | G107: חד פעמי | H107: תקשורת | I107: עבודת בוקר | J107: מאיץ4/מאיץ5 | K107: 3D | L107: תיק דחוף | M107: יותר מפרמטר אחד | N107: נהל חדש | O107: =IF(ISBLANK(D107),"",IF(D107='טבלת פרמטרים'!$A$9,1,0)+IF(E107='טבלת פרמטרים'!$B$5,2,1)+IF(F107='טבלת פרמטרים'!$C$5,3,IF(F107='טבלת פרמטרים'!$C$4,1,0))+IF(G107='טבלת פרמטרים'!$D$3,2,0)+IF(M107='טבלת פרמטרים'!$J$4,2,IF(M107='טבלת פרמטרים'!$J$3,1,0))+IF(N107='טבלת פרמטרים'!$K$6,3,IF(OR(N107='טבלת פרמטרים'!$K$4,N107='טבלת פרמטרים'!$K$5),2,IF(N107='טבלת פרמטרים'!$K$3,1,0)))) -> 5 | P107: לא נפגע | Q107: לא רלוונטי | R107: =IF(ISNUMBER(T107),T107+O107,O107) -> 5 | S107: =IF(EXACT(P107,'טבלת פרמטרים'!$M$2),'טבלת פרמטרים'!$N$2,IF(EXACT(P107,'טבלת פרמטרים'!$M$3),'טבלת פרמטרים'!$N$3,IF(EXACT(P107,'טבלת פרמטרים'!$M$4),'טבלת פרמטרים'!$N$4,IF(EXACT(P107,'טבלת פרמטרים'!$M$5),'טבלת פרמטרים'!$N$5,IF(EXACT(P107,'טבלת פרמטרים'!$M$6),'טבלת פרמטרים'!$N$6,IF(EXACT(P107,'טבלת פרמטרים'!$M$7),'טבלת פרמטרים'!$N$7,IF(EXACT(P107,'טבלת פרמטרים'!$M$8),'טבלת פרמטרים'!$N$8,IF(EXACT(P107,'טבלת פרמטרים'!$M$9),'טבלת פרמטרים'!$N$9,"")))))))) -> 0 | T107: =IF(EXACT(Q107,'טבלת פרמטרים'!$O$2),'טבלת פרמטרים'!$P$2,IF(EXACT(Q107,'טבלת פרמטרים'!$O$3),'טבלת פרמטרים'!$P$3,IF(EXACT(Q107,'טבלת פרמטרים'!$O$4),'טבלת פרמטרים'!$P$4,IF(EXACT(Q107,'טבלת פרמטרים'!$O$5),'טבלת פרמטרים'!$P$5,IF(EXACT(Q107,'טבלת פרמטרים'!$O$6),'טבלת פרמטרים'!$P$6,IF(EXACT(Q107,'טבלת פרמטרים'!$O$7),'טבלת פרמטרים'!$P$7,"")))))) -> 0
A108: 107 | C108: 43426 | D108: מרשם | E108: מקרה בטיחות | F108: ללא נפגעים | G108: חד פעמי | H108: תרבות עבודה | I108: עבודת בוקר | J108: מאיץ1/מאיץ2 | K108: SRS\SRT | L108: תיק מהיר | M108: יותר מפרמטר אחד | O108: =IF(ISBLANK(D108),"",IF(D108='טבלת פרמטרים'!$A$9,1,0)+IF(E108='טבלת פרמטרים'!$B$5,2,1)+IF(F108='טבלת פרמטרים'!$C$5,3,IF(F108='טבלת פרמטרים'!$C$4,1,0))+IF(G108='טבלת פרמטרים'!$D$3,2,0)+IF(M108='טבלת פרמטרים'!$J$4,2,IF(M108='טבלת פרמטרים'!$J$3,1,0))+IF(N108='טבלת פרמטרים'!$K$6,3,IF(OR(N108='טבלת פרמטרים'!$K$4,N108='טבלת פרמטרים'!$K$5),2,IF(N108='טבלת פרמטרים'!$K$3,1,0)))) -> 3 | P108: לא נפגע | Q108: לא רלוונטי | R108: =IF(ISNUMBER(T108),T108+O108,O108) -> 3 | S108: =IF(EXACT(P108,'טבלת פרמטרים'!$M$2),'טבלת פרמטרים'!$N$2,IF(EXACT(P108,'טבלת פרמטרים'!$M$3),'טבלת פרמטרים'!$N$3,IF(EXACT(P108,'טבלת פרמטרים'!$M$4),'טבלת פרמטרים'!$N$4,IF(EXACT(P108,'טבלת פרמטרים'!$M$5),'טבלת פרמטרים'!$N$5,IF(EXACT(P108,'טבלת פרמטרים'!$M$6),'טבלת פרמטרים'!$N$6,IF(EXACT(P108,'טבלת פרמטרים'!$M$7),'טבלת פרמטרים'!$N$7,IF(EXACT(P108,'טבלת פרמטרים'!$M$8),'טבלת פרמטרים'!$N$8,IF(EXACT(P108,'טבלת פרמטרים'!$M$9),'טבלת פרמטרים'!$N$9,"")))))))) -> 0 | T108: =IF(EXACT(Q108,'טבלת פרמטרים'!$O$2),'טבלת פרמטרים'!$P$2,IF(EXACT(Q108,'טבלת פרמטרים'!$O$3),'טבלת פרמטרים'!$P$3,IF(EXACT(Q108,'טבלת פרמטרים'!$O$4),'טבלת פרמטרים'!$P$4,IF(EXACT(Q108,'טבלת פרמטרים'!$O$5),'טבלת פרמטרים'!$P$5,IF(EXACT(Q108,'טבלת פרמטרים'!$O$6),'טבלת פרמטרים'!$P$6,IF(EXACT(Q108,'טבלת פרמטרים'!$O$7),'טבלת פרמטרים'!$P$7,"")))))) -> 0
A109: 108 | B109: 43422 | C109: 43430 | D109: מהלך טיפול | E109: נפגע | F109: נפגע יחיד | G109: רב פעמי | H109: תקשורת | I109: עבודת בוקר | J109: מאיץ1/מאיץ2 | K109: SBRT | L109: תיק רגיל | M109: יותר מפרמטר אחד | N109: שינוי נוהל קיים | O109: =IF(ISBLANK(D109),"",IF(D109='טבלת פרמטרים'!$A$9,1,0)+IF(E109='טבלת פרמטרים'!$B$5,2,1)+IF(F109='טבלת פרמטרים'!$C$5,3,IF(F109='טבלת פרמטרים'!$C$4,1,0))+IF(G109='טבלת פרמטרים'!$D$3,2,0)+IF(M109='טבלת פרמטרים'!$J$4,2,IF(M109='טבלת פרמטרים'!$J$3,1,0))+IF(N109='טבלת פרמטרים'!$K$6,3,IF(OR(N109='טבלת פרמטרים'!$K$4,N109='טבלת פרמטרים'!$K$5),2,IF(N109='טבלת פרמטרים'!$K$3,1,0)))) -> 10 | P109: לא נפגע | Q109: לא רלוונטי | R109: =IF(ISNUMBER(T109),T109+O109,O109) -> 10 | S109: =IF(EXACT(P109,'טבלת פרמטרים'!$M$2),'טבלת פרמטרים'!$N$2,IF(EXACT(P109,'טבלת פרמטרים'!$M$3),'טבלת פרמטרים'!$N$3,IF(EXACT(P109,'טבלת פרמטרים'!$M$4),'טבלת פרמטרים'!$N$4,IF(EXACT(P109,'טבלת פרמטרים'!$M$5),'טבלת פרמטרים'!$N$5,IF(EXACT(P109,'טבלת פרמטרים'!$M$6),'טבלת פרמטרים'!$N$6,IF(EXACT(P109,'טבלת פרמטרים'!$M$7),'טבלת פרמטרים'!$N$7,IF(EXACT(P109,'טבלת פרמטרים'!$M$8),'טבלת פרמטרים'!$N$8,IF(EXACT(P109,'טבלת פרמטרים'!$M$9),'טבלת פרמטרים'!$N$9,"")))))))) -> 0 | T109: =IF(EXACT(Q109,'טבלת פרמטרים'!$O$2),'טבלת פרמטרים'!$P$2,IF(EXACT(Q109,'טבלת פרמטרים'!$O$3),'טבלת פרמטרים'!$P$3,IF(EXACT(Q109,'טבלת פרמטרים'!$O$4),'טבלת פרמטרים'!$P$4,IF(EXACT(Q109,'טבלת פרמטרים'!$O$5),'טבלת פרמטרים'!$P$5,IF(EXACT(Q109,'טבלת פרמטרים'!$O$6),'טבלת פרמטרים'!$P$6,IF(EXACT(Q109,'טבלת פרמטרים'!$O$7),'טבלת פרמטרים'!$P$7,"")))))) -> 0
A110: 109 | B110: 43432 | C110: 43432 | D110: סימון | E110: מנהלי | F110: ללא נפגעים | G110: חד פעמי | H110: תרבות עבודה | I110: עבודת בוקר | J110: מאיץ1/מאיץ2 | K110: SBRT | L110: תיק רגיל | M110: ללא | N110: חידוד נהל קיים | O110: =IF(ISBLANK(D110),"",IF(D110='טבלת פרמטרים'!$A$9,1,0)+IF(E110='טבלת פרמטרים'!$B$5,2,1)+IF(F110='טבלת פרמטרים'!$C$5,3,IF(F110='טבלת פרמטרים'!$C$4,1,0))+IF(G110='טבלת פרמטרים'!$D$3,2,0)+IF(M110='טבלת פרמטרים'!$J$4,2,IF(M110='טבלת פרמטרים'!$J$3,1,0))+IF(N110='טבלת פרמטרים'!$K$6,3,IF(OR(N110='טבלת פרמטרים'!$K$4,N110='טבלת פרמטרים'!$K$5),2,IF(N110='טבלת פרמטרים'!$K$3,1,0)))) -> 2 | P110: לא נפגע | Q110: לא רלוונטי | R110: =IF(ISNUMBER(T110),T110+O110,O110) -> 2 | S110: =IF(EXACT(P110,'טבלת פרמטרים'!$M$2),'טבלת פרמטרים'!$N$2,IF(EXACT(P110,'טבלת פרמטרים'!$M$3),'טבלת פרמטרים'!$N$3,IF(EXACT(P110,'טבלת פרמטרים'!$M$4),'טבלת פרמטרים'!$N$4,IF(EXACT(P110,'טבלת פרמטרים'!$M$5),'טבלת פרמטרים'!$N$5,IF(EXACT(P110,'טבלת פרמטרים'!$M$6),'טבלת פרמטרים'!$N$6,IF(EXACT(P110,'טבלת פרמטרים'!$M$7),'טבלת פרמטרים'!$N$7,IF(EXACT(P110,'טבלת פרמטרים'!$M$8),'טבלת פרמטרים'!$N$8,IF(EXACT(P110,'טבלת פרמטרים'!$M$9),'טבלת פרמטרים'!$N$9,"")))))))) -> 0 | T110: =IF(EXACT(Q110,'טבלת פרמטרים'!$O$2),'טבלת פרמטרים'!$P$2,IF(EXACT(Q110,'טבלת פרמטרים'!$O$3),'טבלת פרמטרים'!$P$3,IF(EXACT(Q110,'טבלת פרמטרים'!$O$4),'טבלת פרמטרים'!$P$4,IF(EXACT(Q110,'טבלת פרמטרים'!$O$5),'טבלת פרמטרים'!$P$5,IF(EXACT(Q110,'טבלת פרמטרים'!$O$6),'טבלת פרמטרים'!$P$6,IF(EXACT(Q110,'טבלת פרמטרים'!$O$7),'טבלת פרמטרים'!$P$7,"")))))) -> 0
A111: 110 | B111: 43437 | C111: 43437 | D111: מרשם | E111: מנהלי | F111: ללא נפגעים | G111: חד פעמי | H111: תרבות עבודה | I111: עבודת בוקר | J111: מאיץ4/מאיץ5 | K111: TBI | L111: תיק מהיר | M111: פרמטר יחיד | N111: חידוד נהל קיים | O111: =IF(ISBLANK(D111),"",IF(D111='טבלת פרמטרים'!$A$9,1,0)+IF(E111='טבלת פרמטרים'!$B$5,2,1)+IF(F111='טבלת פרמטרים'!$C$5,3,IF(F111='טבלת פרמטרים'!$C$4,1,0))+IF(G111='טבלת פרמטרים'!$D$3,2,0)+IF(M111='טבלת פרמטרים'!$J$4,2,IF(M111='טבלת פרמטרים'!$J$3,1,0))+IF(N111='טבלת פרמטרים'!$K$6,3,IF(OR(N111='טבלת פרמטרים'!$K$4,N111='טבלת פרמטרים'!$K$5),2,IF(N111='טבלת פרמטרים'!$K$3,1,0)))) -> 3 | P111: לא נפגע | Q111: לא רלוונטי | R111: =IF(ISNUMBER(T111),T111+O111,O111) -> 3 | S111: =IF(EXACT(P111,'טבלת פרמטרים'!$M$2),'טבלת פרמטרים'!$N$2,IF(EXACT(P111,'טבלת פרמטרים'!$M$3),'טבלת פרמטרים'!$N$3,IF(EXACT(P111,'טבלת פרמטרים'!$M$4),'טבלת פרמטרים'!$N$4,IF(EXACT(P111,'טבלת פרמטרים'!$M$5),'טבלת פרמטרים'!$N$5,IF(EXACT(P111,'טבלת פרמטרים'!$M$6),'טבלת פרמטרים'!$N$6,IF(EXACT(P111,'טבלת פרמטרים'!$M$7),'טבלת פרמטרים'!$N$7,IF(EXACT(P111,'טבלת פרמטרים'!$M$8),'טבלת פרמטרים'!$N$8,IF(EXACT(P111,'טבלת פרמטרים'!$M$9),'טבלת פרמטרים'!$N$9,"")))))))) -> 0 | T111: =IF(EXACT(Q111,'טבלת פרמטרים'!$O$2),'טבלת פרמטרים'!$P$2,IF(EXACT(Q111,'טבלת פרמטרים'!$O$3),'טבלת פרמטרים'!$P$3,IF(EXACT(Q111,'טבלת פרמטרים'!$O$4),'טבלת פרמטרים'!$P$4,IF(EXACT(Q111,'טבלת פרמטרים'!$O$5),'טבלת פרמטרים'!$P$5,IF(EXACT(Q111,'טבלת פרמטרים'!$O$6),'טבלת פרמטרים'!$P$6,IF(EXACT(Q111,'טבלת פרמטרים'!$O$7),'טבלת פרמטרים'!$P$7,"")))))) -> 0
A112: 111 | B112: 43454 | C112: 43454 | D112: מהלך טיפול | E112: נפגע | F112: נפגע יחיד | G112: חד פעמי | H112: טעות אנוש | I112: עבודת בוקר | J112: מאיץ1/מאיץ2 | K112: TSET | L112: תיק רגיל | M112: פרמטר יחיד | N112: חידוד נהל קיים | O112: =IF(ISBLANK(D112),"",IF(D112='טבלת פרמטרים'!$A$9,1,0)+IF(E112='טבלת פרמטרים'!$B$5,2,1)+IF(F112='טבלת פרמטרים'!$C$5,3,IF(F112='טבלת פרמטרים'!$C$4,1,0))+IF(G112='טבלת פרמטרים'!$D$3,2,0)+IF(M112='טבלת פרמטרים'!$J$4,2,IF(M112='טבלת פרמטרים'!$J$3,1,0))+IF(N112='טבלת פרמטרים'!$K$6,3,IF(OR(N112='טבלת פרמטרים'!$K$4,N112='טבלת פרמטרים'!$K$5),2,IF(N112='טבלת פרמטרים'!$K$3,1,0)))) -> 6 | P112: לא נפגע | Q112: שוני במנה אבסולוטית מהמרשם בין 5% ל- 10% לכל איבר | R112: =IF(ISNUMBER(T112),T112+O112,O112) -> 10 | S112: =IF(EXACT(P112,'טבלת פרמטרים'!$M$2),'טבלת פרמטרים'!$N$2,IF(EXACT(P112,'טבלת פרמטרים'!$M$3),'טבלת פרמטרים'!$N$3,IF(EXACT(P112,'טבלת פרמטרים'!$M$4),'טבלת פרמטרים'!$N$4,IF(EXACT(P112,'טבלת פרמטרים'!$M$5),'טבלת פרמטרים'!$N$5,IF(EXACT(P112,'טבלת פרמטרים'!$M$6),'טבלת פרמטרים'!$N$6,IF(EXACT(P112,'טבלת פרמטרים'!$M$7),'טבלת פרמטרים'!$N$7,IF(EXACT(P112,'טבלת פרמטרים'!$M$8),'טבלת פרמטרים'!$N$8,IF(EXACT(P112,'טבלת פרמטרים'!$M$9),'טבלת פרמטרים'!$N$9,"")))))))) -> 0 | T112: =IF(EXACT(Q112,'טבלת פרמטרים'!$O$2),'טבלת פרמטרים'!$P$2,IF(EXACT(Q112,'טבלת פרמטרים'!$O$3),'טבלת פרמטרים'!$P$3,IF(EXACT(Q112,'טבלת פרמטרים'!$O$4),'טבלת פרמטרים'!$P$4,IF(EXACT(Q112,'טבלת פרמטרים'!$O$5),'טבלת פרמטרים'!$P$5,IF(EXACT(Q112,'טבלת פרמטרים'!$O$6),'טבלת פרמטרים'!$P$6,IF(EXACT(Q112,'טבלת פרמטרים'!$O$7),'טבלת פרמטרים'!$P$7,"")))))) -> 4
A113: 112 | B113: 43436 | C113: 43457 | D113: מהלך טיפול | E113: נפגע | F113: נפגע יחיד | H113: תקשורת | I113: עבודת בוקר | J113: מאיץ1/מאיץ2 | K113: IMRT | L113: תיק רגיל | M113: יותר מפרמטר אחד | N113: נהל חדש | O113: =IF(ISBLANK(D113),"",IF(D113='טבלת פרמטרים'!$A$9,1,0)+IF(E113='טבלת פרמטרים'!$B$5,2,1)+IF(F113='טבלת פרמטרים'!$C$5,3,IF(F113='טבלת פרמטרים'!$C$4,1,0))+IF(G113='טבלת פרמטרים'!$D$3,2,0)+IF(M113='טבלת פרמטרים'!$J$4,2,IF(M113='טבלת פרמטרים'!$J$3,1,0))+IF(N113='טבלת פרמטרים'!$K$6,3,IF(OR(N113='טבלת פרמטרים'!$K$4,N113='טבלת פרמטרים'!$K$5),2,IF(N113='טבלת פרמטרים'!$K$3,1,0)))) -> 8 | P113: לא נפגע | Q113: שוני במנה אבסולוטית מהמרשם קטן מ- 5% לכל איבר | R113: =IF(ISNUMBER(T113),T113+O113,O113) -> 9 | S113: =IF(EXACT(P113,'טבלת פרמטרים'!$M$2),'טבלת פרמטרים'!$N$2,IF(EXACT(P113,'טבלת פרמטרים'!$M$3),'טבלת פרמטרים'!$N$3,IF(EXACT(P113,'טבלת פרמטרים'!$M$4),'טבלת פרמטרים'!$N$4,IF(EXACT(P113,'טבלת פרמטרים'!$M$5),'טבלת פרמטרים'!$N$5,IF(EXACT(P113,'טבלת פרמטרים'!$M$6),'טבלת פרמטרים'!$N$6,IF(EXACT(P113,'טבלת פרמטרים'!$M$7),'טבלת פרמטרים'!$N$7,IF(EXACT(P113,'טבלת פרמטרים'!$M$8),'טבלת פרמטרים'!$N$8,IF(EXACT(P113,'טבלת פרמטרים'!$M$9),'טבלת פרמטרים'!$N$9,"")))))))) -> 0 | T113: =IF(EXACT(Q113,'טבלת פרמטרים'!$O$2),'טבלת פרמטרים'!$P$2,IF(EXACT(Q113,'טבלת פרמטרים'!$O$3),'טבלת פרמטרים'!$P$3,IF(EXACT(Q113,'טבלת פרמטרים'!$O$4),'טבלת פרמטרים'!$P$4,IF(EXACT(Q113,'טבלת פרמטרים'!$O$5),'טבלת פרמטרים'!$P$5,IF(EXACT(Q113,'טבלת פרמטרים'!$O$6),'טבלת פרמטרים'!$P$6,IF(EXACT(Q113,'טבלת פרמטרים'!$O$7),'טבלת פרמטרים'!$P$7,"")))))) -> 1
A114: 113 | B114: 43458 | C114: 43458 | D114: סימולציה | E114: מקרה בטיחות | F114: ללא נפגעים | G114: רב פעמי | H114: תקלה טכנית | J114: סימולציה | M114: ללא | N114: ללא שינוי | O114: =IF(ISBLANK(D114),"",IF(D114='טבלת פרמטרים'!$A$9,1,0)+IF(E114='טבלת פרמטרים'!$B$5,2,1)+IF(F114='טבלת פרמטרים'!$C$5,3,IF(F114='טבלת פרמטרים'!$C$4,1,0))+IF(G114='טבלת פרמטרים'!$D$3,2,0)+IF(M114='טבלת פרמטרים'!$J$4,2,IF(M114='טבלת פרמטרים'!$J$3,1,0))+IF(N114='טבלת פרמטרים'!$K$6,3,IF(OR(N114='טבלת פרמטרים'!$K$4,N114='טבלת פרמטרים'!$K$5),2,IF(N114='טבלת פרמטרים'!$K$3,1,0)))) -> 3 | P114: לא נפגע | Q114: לא רלוונטי | R114: =IF(ISNUMBER(T114),T114+O114,O114) -> 3 | S114: =IF(EXACT(P114,'טבלת פרמטרים'!$M$2),'טבלת פרמטרים'!$N$2,IF(EXACT(P114,'טבלת פרמטרים'!$M$3),'טבלת פרמטרים'!$N$3,IF(EXACT(P114,'טבלת פרמטרים'!$M$4),'טבלת פרמטרים'!$N$4,IF(EXACT(P114,'טבלת פרמטרים'!$M$5),'טבלת פרמטרים'!$N$5,IF(EXACT(P114,'טבלת פרמטרים'!$M$6),'טבלת פרמטרים'!$N$6,IF(EXACT(P114,'טבלת פרמטרים'!$M$7),'טבלת פרמטרים'!$N$7,IF(EXACT(P114,'טבלת פרמטרים'!$M$8),'טבלת פרמטרים'!$N$8,IF(EXACT(P114,'טבלת פרמטרים'!$M$9),'טבלת פרמטרים'!$N$9,"")))))))) -> 0 | T114: =IF(EXACT(Q114,'טבלת פרמטרים'!$O$2),'טבלת פרמטרים'!$P$2,IF(EXACT(Q114,'טבלת פרמטרים'!$O$3),'טבלת פרמטרים'!$P$3,IF(EXACT(Q114,'טבלת פרמטרים'!$O$4),'טבלת פרמטרים'!$P$4,IF(EXACT(Q114,'טבלת פרמטרים'!$O$5),'טבלת פרמטרים'!$P$5,IF(EXACT(Q114,'טבלת פרמטרים'!$O$6),'טבלת פרמטרים'!$P$6,IF(EXACT(Q114,'טבלת פרמטרים'!$O$7),'טבלת פרמטרים'!$P$7,"")))))) -> 0
A115: 114 | C115: 43461 | D115: לפני טיפול | E115: מקרה בטיחות | F115: ללא נפגעים | G115: חד פעמי | H115: תקשורת | I115: עבודת ערב | J115: מאיץ1/מאיץ2 | K115: SRS\SRT | L115: תיק מהיר | M115: ללא | N115: נהל חדש | O115: =IF(ISBLANK(D115),"",IF(D115='טבלת פרמטרים'!$A$9,1,0)+IF(E115='טבלת פרמטרים'!$B$5,2,1)+IF(F115='טבלת פרמטרים'!$C$5,3,IF(F115='טבלת פרמטרים'!$C$4,1,0))+IF(G115='טבלת פרמטרים'!$D$3,2,0)+IF(M115='טבלת פרמטרים'!$J$4,2,IF(M115='טבלת פרמטרים'!$J$3,1,0))+IF(N115='טבלת פרמטרים'!$K$6,3,IF(OR(N115='טבלת פרמטרים'!$K$4,N115='טבלת פרמטרים'!$K$5),2,IF(N115='טבלת פרמטרים'!$K$3,1,0)))) -> 3 | P115: לא נפגע | Q115: לא רלוונטי | R115: =IF(ISNUMBER(T115),T115+O115,O115) -> 3 | S115: =IF(EXACT(P115,'טבלת פרמטרים'!$M$2),'טבלת פרמטרים'!$N$2,IF(EXACT(P115,'טבלת פרמטרים'!$M$3),'טבלת פרמטרים'!$N$3,IF(EXACT(P115,'טבלת פרמטרים'!$M$4),'טבלת פרמטרים'!$N$4,IF(EXACT(P115,'טבלת פרמטרים'!$M$5),'טבלת פרמטרים'!$N$5,IF(EXACT(P115,'טבלת פרמטרים'!$M$6),'טבלת פרמטרים'!$N$6,IF(EXACT(P115,'טבלת פרמטרים'!$M$7),'טבלת פרמטרים'!$N$7,IF(EXACT(P115,'טבלת פרמטרים'!$M$8),'טבלת פרמטרים'!$N$8,IF(EXACT(P115,'טבלת פרמטרים'!$M$9),'טבלת פרמטרים'!$N$9,"")))))))) -> 0 | T115: =IF(EXACT(Q115,'טבלת פרמטרים'!$O$2),'טבלת פרמטרים'!$P$2,IF(EXACT(Q115,'טבלת פרמטרים'!$O$3),'טבלת פרמטרים'!$P$3,IF(EXACT(Q115,'טבלת פרמטרים'!$O$4),'טבלת פרמטרים'!$P$4,IF(EXACT(Q115,'טבלת פרמטרים'!$O$5),'טבלת פרמטרים'!$P$5,IF(EXACT(Q115,'טבלת פרמטרים'!$O$6),'טבלת פרמטרים'!$P$6,IF(EXACT(Q115,'טבלת פרמטרים'!$O$7),'טבלת פרמטרים'!$P$7,"")))))) -> 0
A116: 115 | B116: 43465 | C116: 43465 | D116: מהלך טיפול | E116: נפגע | F116: נפגע יחיד | G116: חד פעמי | H116: טעות אנוש | I116: עבודת בוקר | J116: מאיץ3 | K116: סימון קליני | L116: תיק דחוף | M116: ללא | N116: שינוי נוהל קיים | O116: =IF(ISBLANK(D116),"",IF(D116='טבלת פרמטרים'!$A$9,1,0)+IF(E116='טבלת פרמטרים'!$B$5,2,1)+IF(F116='טבלת פרמטרים'!$C$5,3,IF(F116='טבלת פרמטרים'!$C$4,1,0))+IF(G116='טבלת פרמטרים'!$D$3,2,0)+IF(M116='טבלת פרמטרים'!$J$4,2,IF(M116='טבלת פרמטרים'!$J$3,1,0))+IF(N116='טבלת פרמטרים'!$K$6,3,IF(OR(N116='טבלת פרמטרים'!$K$4,N116='טבלת פרמטרים'!$K$5),2,IF(N116='טבלת פרמטרים'!$K$3,1,0)))) -> 6 | P116: לא נפגע | Q116: שוני במנה אבסולוטית מהמרשם קטן מ- 5% לכל איבר | R116: =IF(ISNUMBER(T116),T116+O116,O116) -> 7 | S116: =IF(EXACT(P116,'טבלת פרמטרים'!$M$2),'טבלת פרמטרים'!$N$2,IF(EXACT(P116,'טבלת פרמטרים'!$M$3),'טבלת פרמטרים'!$N$3,IF(EXACT(P116,'טבלת פרמטרים'!$M$4),'טבלת פרמטרים'!$N$4,IF(EXACT(P116,'טבלת פרמטרים'!$M$5),'טבלת פרמטרים'!$N$5,IF(EXACT(P116,'טבלת פרמטרים'!$M$6),'טבלת פרמטרים'!$N$6,IF(EXACT(P116,'טבלת פרמטרים'!$M$7),'טבלת פרמטרים'!$N$7,IF(EXACT(P116,'טבלת פרמטרים'!$M$8),'טבלת פרמטרים'!$N$8,IF(EXACT(P116,'טבלת פרמטרים'!$M$9),'טבלת פרמטרים'!$N$9,"")))))))) -> 0 | T116: =IF(EXACT(Q116,'טבלת פרמטרים'!$O$2),'טבלת פרמטרים'!$P$2,IF(EXACT(Q116,'טבלת פרמטרים'!$O$3),'טבלת פרמטרים'!$P$3,IF(EXACT(Q116,'טבלת פרמטרים'!$O$4),'טבלת פרמטרים'!$P$4,IF(EXACT(Q116,'טבלת פרמטרים'!$O$5),'טבלת פרמטרים'!$P$5,IF(EXACT(Q116,'טבלת פרמטרים'!$O$6),'טבלת פרמטרים'!$P$6,IF(EXACT(Q116,'טבלת פרמטרים'!$O$7),'טבלת פרמטרים'!$P$7,"")))))) -> 1
A117: 116 | B117: 43466 | C117: 43467 | D117: בקרת איכות | E117: מקרה בטיחות | F117: ללא נפגעים | G117: חד פעמי | H117: תרבות עבודה | I117: עבודת בוקר | J117: מאיץ1/מאיץ2 | K117: SBRT | L117: תיק רגיל | M117: יותר מפרמטר אחד | N117: חידוד נהל קיים | O117: =IF(ISBLANK(D117),"",IF(D117='טבלת פרמטרים'!$A$9,1,0)+IF(E117='טבלת פרמטרים'!$B$5,2,1)+IF(F117='טבלת פרמטרים'!$C$5,3,IF(F117='טבלת פרמטרים'!$C$4,1,0))+IF(G117='טבלת פרמטרים'!$D$3,2,0)+IF(M117='טבלת פרמטרים'!$J$4,2,IF(M117='טבלת פרמטרים'!$J$3,1,0))+IF(N117='טבלת פרמטרים'!$K$6,3,IF(OR(N117='טבלת פרמטרים'!$K$4,N117='טבלת פרמטרים'!$K$5),2,IF(N117='טבלת פרמטרים'!$K$3,1,0)))) -> 4 | P117: לא נפגע | Q117: לא רלוונטי | R117: =IF(ISNUMBER(T117),T117+O117,O117) -> 4 | S117: =IF(EXACT(P117,'טבלת פרמטרים'!$M$2),'טבלת פרמטרים'!$N$2,IF(EXACT(P117,'טבלת פרמטרים'!$M$3),'טבלת פרמטרים'!$N$3,IF(EXACT(P117,'טבלת פרמטרים'!$M$4),'טבלת פרמטרים'!$N$4,IF(EXACT(P117,'טבלת פרמטרים'!$M$5),'טבלת פרמטרים'!$N$5,IF(EXACT(P117,'טבלת פרמטרים'!$M$6),'טבלת פרמטרים'!$N$6,IF(EXACT(P117,'טבלת פרמטרים'!$M$7),'טבלת פרמטרים'!$N$7,IF(EXACT(P117,'טבלת פרמטרים'!$M$8),'טבלת פרמטרים'!$N$8,IF(EXACT(P117,'טבלת פרמטרים'!$M$9),'טבלת פרמטרים'!$N$9,"")))))))) -> 0 | T117: =IF(EXACT(Q117,'טבלת פרמטרים'!$O$2),'טבלת פרמטרים'!$P$2,IF(EXACT(Q117,'טבלת פרמטרים'!$O$3),'טבלת פרמטרים'!$P$3,IF(EXACT(Q117,'טבלת פרמטרים'!$O$4),'טבלת פרמטרים'!$P$4,IF(EXACT(Q117,'טבלת פרמטרים'!$O$5),'טבלת פרמטרים'!$P$5,IF(EXACT(Q117,'טבלת פרמטרים'!$O$6),'טבלת פרמטרים'!$P$6,IF(EXACT(Q117,'טבלת פרמטרים'!$O$7),'טבלת פרמטרים'!$P$7,"")))))) -> 0
A118: 117 | B118: 43453 | C118: 43473 | D118: מהלך טיפול | E118: כמעט נפגע | F118: נפגע יחיד | G118: חד פעמי | H118: תקלה טכנית | I118: עבודת ערב | J118: מאיץ1/מאיץ2 | K118: SRS\SRT | L118: תיק מהיר | M118: ללא | N118: המשך חקירת ארוע | O118: =IF(ISBLANK(D118),"",IF(D118='טבלת פרמטרים'!$A$9,1,0)+IF(E118='טבלת פרמטרים'!$B$5,2,1)+IF(F118='טבלת פרמטרים'!$C$5,3,IF(F118='טבלת פרמטרים'!$C$4,1,0))+IF(G118='טבלת פרמטרים'!$D$3,2,0)+IF(M118='טבלת פרמטרים'!$J$4,2,IF(M118='טבלת פרמטרים'!$J$3,1,0))+IF(N118='טבלת פרמטרים'!$K$6,3,IF(OR(N118='טבלת פרמטרים'!$K$4,N118='טבלת פרמטרים'!$K$5),2,IF(N118='טבלת פרמטרים'!$K$3,1,0)))) -> 6 | P118: לא נפגע | Q118: לא רלוונטי | R118: =IF(ISNUMBER(T118),T118+O118,O118) -> 6 | S118: =IF(EXACT(P118,'טבלת פרמטרים'!$M$2),'טבלת פרמטרים'!$N$2,IF(EXACT(P118,'טבלת פרמטרים'!$M$3),'טבלת פרמטרים'!$N$3,IF(EXACT(P118,'טבלת פרמטרים'!$M$4),'טבלת פרמטרים'!$N$4,IF(EXACT(P118,'טבלת פרמטרים'!$M$5),'טבלת פרמטרים'!$N$5,IF(EXACT(P118,'טבלת פרמטרים'!$M$6),'טבלת פרמטרים'!$N$6,IF(EXACT(P118,'טבלת פרמטרים'!$M$7),'טבלת פרמטרים'!$N$7,IF(EXACT(P118,'טבלת פרמטרים'!$M$8),'טבלת פרמטרים'!$N$8,IF(EXACT(P118,'טבלת פרמטרים'!$M$9),'טבלת פרמטרים'!$N$9,"")))))))) -> 0 | T118: =IF(EXACT(Q118,'טבלת פרמטרים'!$O$2),'טבלת פרמטרים'!$P$2,IF(EXACT(Q118,'טבלת פרמטרים'!$O$3),'טבלת פרמטרים'!$P$3,IF(EXACT(Q118,'טבלת פרמטרים'!$O$4),'טבלת פרמטרים'!$P$4,IF(EXACT(Q118,'טבלת פרמטרים'!$O$5),'טבלת פרמטרים'!$P$5,IF(EXACT(Q118,'טבלת פרמטרים'!$O$6),'טבלת פרמטרים'!$P$6,IF(EXACT(Q118,'טבלת פרמטרים'!$O$7),'טבלת פרמטרים'!$P$7,"")))))) -> 0
A119: 118 | B119: 43458 | C119: 43473 | D119: מהלך טיפול | E119: כמעט נפגע | F119: נפגע יחיד | G119: רב פעמי | H119: תקלה טכנית | I119: עבודת ערב | J119: מאיץ1/מאיץ2 | K119: SRS\SRT | L119: תיק מהיר | M119: ללא | N119: המשך חקירת ארוע | O119: =IF(ISBLANK(D119),"",IF(D119='טבלת פרמטרים'!$A$9,1,0)+IF(E119='טבלת פרמטרים'!$B$5,2,1)+IF(F119='טבלת פרמטרים'!$C$5,3,IF(F119='טבלת פרמטרים'!$C$4,1,0))+IF(G119='טבלת פרמטרים'!$D$3,2,0)+IF(M119='טבלת פרמטרים'!$J$4,2,IF(M119='טבלת פרמטרים'!$J$3,1,0))+IF(N119='טבלת פרמטרים'!$K$6,3,IF(OR(N119='טבלת פרמטרים'!$K$4,N119='טבלת פרמטרים'!$K$5),2,IF(N119='טבלת פרמטרים'!$K$3,1,0)))) -> 8 | P119: לא נפגע | Q119: לא רלוונטי | R119: =IF(ISNUMBER(T119),T119+O119,O119) -> 8 | S119: =IF(EXACT(P119,'טבלת פרמטרים'!$M$2),'טבלת פרמטרים'!$N$2,IF(EXACT(P119,'טבלת פרמטרים'!$M$3),'טבלת פרמטרים'!$N$3,IF(EXACT(P119,'טבלת פרמטרים'!$M$4),'טבלת פרמטרים'!$N$4,IF(EXACT(P119,'טבלת פרמטרים'!$M$5),'טבלת פרמטרים'!$N$5,IF(EXACT(P119,'טבלת פרמטרים'!$M$6),'טבלת פרמטרים'!$N$6,IF(EXACT(P119,'טבלת פרמטרים'!$M$7),'טבלת פרמטרים'!$N$7,IF(EXACT(P119,'טבלת פרמטרים'!$M$8),'טבלת פרמטרים'!$N$8,IF(EXACT(P119,'טבלת פרמטרים'!$M$9),'טבלת פרמטרים'!$N$9,"")))))))) -> 0 | T119: =IF(EXACT(Q119,'טבלת פרמטרים'!$O$2),'טבלת פרמטרים'!$P$2,IF(EXACT(Q119,'טבלת פרמטרים'!$O$3),'טבלת פרמטרים'!$P$3,IF(EXACT(Q119,'טבלת פרמטרים'!$O$4),'טבלת פרמטרים'!$P$4,IF(EXACT(Q119,'טבלת פרמטרים'!$O$5),'טבלת פרמטרים'!$P$5,IF(EXACT(Q119,'טבלת פרמטרים'!$O$6),'טבלת פרמטרים'!$P$6,IF(EXACT(Q119,'טבלת פרמטרים'!$O$7),'טבלת פרמטרים'!$P$7,"")))))) -> 0
A120: 119 | B120: 43468 | C120: 43474 | D120: מרשם | E120: מקרה בטיחות | F120: ללא נפגעים | G120: חד פעמי | H120: תרבות עבודה | I120: עבודת בוקר | J120: מאיץ4/מאיץ5 | K120: 3D | L120: תיק רגיל | M120: פרמטר יחיד | N120: חידוד נהל קיים | O120: =IF(ISBLANK(D120),"",IF(D120='טבלת פרמטרים'!$A$9,1,0)+IF(E120='טבלת פרמטרים'!$B$5,2,1)+IF(F120='טבלת פרמטרים'!$C$5,3,IF(F120='טבלת פרמטרים'!$C$4,1,0))+IF(G120='טבלת פרמטרים'!$D$3,2,0)+IF(M120='טבלת פרמטרים'!$J$4,2,IF(M120='טבלת פרמטרים'!$J$3,1,0))+IF(N120='טבלת פרמטרים'!$K$6,3,IF(OR(N120='טבלת פרמטרים'!$K$4,N120='טבלת פרמטרים'!$K$5),2,IF(N120='טבלת פרמטרים'!$K$3,1,0)))) -> 3 | P120: לא נפגע | Q120: לא רלוונטי | R120: =IF(ISNUMBER(T120),T120+O120,O120) -> 3 | S120: =IF(EXACT(P120,'טבלת פרמטרים'!$M$2),'טבלת פרמטרים'!$N$2,IF(EXACT(P120,'טבלת פרמטרים'!$M$3),'טבלת פרמטרים'!$N$3,IF(EXACT(P120,'טבלת פרמטרים'!$M$4),'טבלת פרמטרים'!$N$4,IF(EXACT(P120,'טבלת פרמטרים'!$M$5),'טבלת פרמטרים'!$N$5,IF(EXACT(P120,'טבלת פרמטרים'!$M$6),'טבלת פרמטרים'!$N$6,IF(EXACT(P120,'טבלת פרמטרים'!$M$7),'טבלת פרמטרים'!$N$7,IF(EXACT(P120,'טבלת פרמטרים'!$M$8),'טבלת פרמטרים'!$N$8,IF(EXACT(P120,'טבלת פרמטרים'!$M$9),'טבלת פרמטרים'!$N$9,"")))))))) -> 0 | T120: =IF(EXACT(Q120,'טבלת פרמטרים'!$O$2),'טבלת פרמטרים'!$P$2,IF(EXACT(Q120,'טבלת פרמטרים'!$O$3),'טבלת פרמטרים'!$P$3,IF(EXACT(Q120,'טבלת פרמטרים'!$O$4),'טבלת פרמטרים'!$P$4,IF(EXACT(Q120,'טבלת פרמטרים'!$O$5),'טבלת פרמטרים'!$P$5,IF(EXACT(Q120,'טבלת פרמטרים'!$O$6),'טבלת פרמטרים'!$P$6,IF(EXACT(Q120,'טבלת פרמטרים'!$O$7),'טבלת פרמטרים'!$P$7,"")))))) -> 0
A121: 120 | B121: 43468 | C121: 43474 | D121: סימון | E121: כמעט נפגע | F121: ללא נפגעים | G121: חד פעמי | H121: טעות אנוש | I121: עבודת בוקר | J121: מאיץ4/מאיץ5 | K121: 3D | L121: תיק רגיל | M121: יותר מפרמטר אחד | N121: נהל חדש | O121: =IF(ISBLANK(D121),"",IF(D121='טבלת פרמטרים'!$A$9,1,0)+IF(E121='טבלת פרמטרים'!$B$5,2,1)+IF(F121='טבלת פרמטרים'!$C$5,3,IF(F121='טבלת פרמטרים'!$C$4,1,0))+IF(G121='טבלת פרמטרים'!$D$3,2,0)+IF(M121='טבלת פרמטרים'!$J$4,2,IF(M121='טבלת פרמטרים'!$J$3,1,0))+IF(N121='טבלת פרמטרים'!$K$6,3,IF(OR(N121='טבלת פרמטרים'!$K$4,N121='טבלת פרמטרים'!$K$5),2,IF(N121='טבלת פרמטרים'!$K$3,1,0)))) -> 5 | P121: לא נפגע | Q121: לא רלוונטי | R121: =IF(ISNUMBER(T121),T121+O121,O121) -> 5 | S121: =IF(EXACT(P121,'טבלת פרמטרים'!$M$2),'טבלת פרמטרים'!$N$2,IF(EXACT(P121,'טבלת פרמטרים'!$M$3),'טבלת פרמטרים'!$N$3,IF(EXACT(P121,'טבלת פרמטרים'!$M$4),'טבלת פרמטרים'!$N$4,IF(EXACT(P121,'טבלת פרמטרים'!$M$5),'טבלת פרמטרים'!$N$5,IF(EXACT(P121,'טבלת פרמטרים'!$M$6),'טבלת פרמטרים'!$N$6,IF(EXACT(P121,'טבלת פרמטרים'!$M$7),'טבלת פרמטרים'!$N$7,IF(EXACT(P121,'טבלת פרמטרים'!$M$8),'טבלת פרמטרים'!$N$8,IF(EXACT(P121,'טבלת פרמטרים'!$M$9),'טבלת פרמטרים'!$N$9,"")))))))) -> 0 | T121: =IF(EXACT(Q121,'טבלת פרמטרים'!$O$2),'טבלת פרמטרים'!$P$2,IF(EXACT(Q121,'טבלת פרמטרים'!$O$3),'טבלת פרמטרים'!$P$3,IF(EXACT(Q121,'טבלת פרמטרים'!$O$4),'טבלת פרמטרים'!$P$4,IF(EXACT(Q121,'טבלת פרמטרים'!$O$5),'טבלת פרמטרים'!$P$5,IF(EXACT(Q121,'טבלת פרמטרים'!$O$6),'טבלת פרמטרים'!$P$6,IF(EXACT(Q121,'טבלת פרמטרים'!$O$7),'טבלת פרמטרים'!$P$7,"")))))) -> 0
A122: 121 | B122: 43482 | C122: 43482 | D122: מרשם | E122: מנהלי | F122: ללא נפגעים | G122: רב פעמי | H122: תרבות עבודה | I122: עבודת בוקר | J122: סימולציה | K122: SBRT | L122: תיק רגיל | M122: פרמטר יחיד | N122: שינוי נוהל קיים | O122: =IF(ISBLANK(D122),"",IF(D122='טבלת פרמטרים'!$A$9,1,0)+IF(E122='טבלת פרמטרים'!$B$5,2,1)+IF(F122='טבלת פרמטרים'!$C$5,3,IF(F122='טבלת פרמטרים'!$C$4,1,0))+IF(G122='טבלת פרמטרים'!$D$3,2,0)+IF(M122='טבלת פרמטרים'!$J$4,2,IF(M122='טבלת פרמטרים'!$J$3,1,0))+IF(N122='טבלת פרמטרים'!$K$6,3,IF(OR(N122='טבלת פרמטרים'!$K$4,N122='טבלת פרמטרים'!$K$5),2,IF(N122='טבלת פרמטרים'!$K$3,1,0)))) -> 6 | P122: לא נפגע | Q122: לא רלוונטי | R122: =IF(ISNUMBER(T122),T122+O122,O122) -> 6 | S122: =IF(EXACT(P122,'טבלת פרמטרים'!$M$2),'טבלת פרמטרים'!$N$2,IF(EXACT(P122,'טבלת פרמטרים'!$M$3),'טבלת פרמטרים'!$N$3,IF(EXACT(P122,'טבלת פרמטרים'!$M$4),'טבלת פרמטרים'!$N$4,IF(EXACT(P122,'טבלת פרמטרים'!$M$5),'טבלת פרמטרים'!$N$5,IF(EXACT(P122,'טבלת פרמטרים'!$M$6),'טבלת פרמטרים'!$N$6,IF(EXACT(P122,'טבלת פרמטרים'!$M$7),'טבלת פרמטרים'!$N$7,IF(EXACT(P122,'טבלת פרמטרים'!$M$8),'טבלת פרמטרים'!$N$8,IF(EXACT(P122,'טבלת פרמטרים'!$M$9),'טבלת פרמטרים'!$N$9,"")))))))) -> 0 | T122: =IF(EXACT(Q122,'טבלת פרמטרים'!$O$2),'טבלת פרמטרים'!$P$2,IF(EXACT(Q122,'טבלת פרמטרים'!$O$3),'טבלת פרמטרים'!$P$3,IF(EXACT(Q122,'טבלת פרמטרים'!$O$4),'טבלת פרמטרים'!$P$4,IF(EXACT(Q122,'טבלת פרמטרים'!$O$5),'טבלת פרמטרים'!$P$5,IF(EXACT(Q122,'טבלת פרמטרים'!$O$6),'טבלת פרמטרים'!$P$6,IF(EXACT(Q122,'טבלת פרמטרים'!$O$7),'טבלת פרמטרים'!$P$7,"")))))) -> 0
A123: 123 | B123: 43486 | C123: 43486 | D123: מרשם | E123: מנהלי | F123: ללא נפגעים | G123: חד פעמי | H123: תקשורת | I123: עבודת בוקר | J123: מאיץ4/מאיץ5 | K123: IMRT | L123: תיק רגיל | M123: ללא | N123: שינוי נוהל קיים | O123: =IF(ISBLANK(D123),"",IF(D123='טבלת פרמטרים'!$A$9,1,0)+IF(E123='טבלת פרמטרים'!$B$5,2,1)+IF(F123='טבלת פרמטרים'!$C$5,3,IF(F123='טבלת פרמטרים'!$C$4,1,0))+IF(G123='טבלת פרמטרים'!$D$3,2,0)+IF(M123='טבלת פרמטרים'!$J$4,2,IF(M123='טבלת פרמטרים'!$J$3,1,0))+IF(N123='טבלת פרמטרים'!$K$6,3,IF(OR(N123='טבלת פרמטרים'!$K$4,N123='טבלת פרמטרים'!$K$5),2,IF(N123='טבלת פרמטרים'!$K$3,1,0)))) -> 3 | P123: לא נפגע | Q123: לא רלוונטי | R123: =IF(ISNUMBER(T123),T123+O123,O123) -> 3 | S123: =IF(EXACT(P123,'טבלת פרמטרים'!$M$2),'טבלת פרמטרים'!$N$2,IF(EXACT(P123,'טבלת פרמטרים'!$M$3),'טבלת פרמטרים'!$N$3,IF(EXACT(P123,'טבלת פרמטרים'!$M$4),'טבלת פרמטרים'!$N$4,IF(EXACT(P123,'טבלת פרמטרים'!$M$5),'טבלת פרמטרים'!$N$5,IF(EXACT(P123,'טבלת פרמטרים'!$M$6),'טבלת פרמטרים'!$N$6,IF(EXACT(P123,'טבלת פרמטרים'!$M$7),'טבלת פרמטרים'!$N$7,IF(EXACT(P123,'טבלת פרמטרים'!$M$8),'טבלת פרמטרים'!$N$8,IF(EXACT(P123,'טבלת פרמטרים'!$M$9),'טבלת פרמטרים'!$N$9,"")))))))) -> 0 | T123: =IF(EXACT(Q123,'טבלת פרמטרים'!$O$2),'טבלת פרמטרים'!$P$2,IF(EXACT(Q123,'טבלת פרמטרים'!$O$3),'טבלת פרמטרים'!$P$3,IF(EXACT(Q123,'טבלת פרמטרים'!$O$4),'טבלת פרמטרים'!$P$4,IF(EXACT(Q123,'טבלת פרמטרים'!$O$5),'טבלת פרמטרים'!$P$5,IF(EXACT(Q123,'טבלת פרמטרים'!$O$6),'טבלת פרמטרים'!$P$6,IF(EXACT(Q123,'טבלת פרמטרים'!$O$7),'טבלת פרמטרים'!$P$7,"")))))) -> 0
A124: 124 | B124: 43468 | C124: 43486 | D124: מרשם | E124: מנהלי | F124: ללא נפגעים | G124: חד פעמי | H124: תרבות עבודה | I124: עבודת בוקר | L124: תיק רגיל | M124: ללא | N124: חידוד נהל קיים | O124: =IF(ISBLANK(D124),"",IF(D124='טבלת פרמטרים'!$A$9,1,0)+IF(E124='טבלת פרמטרים'!$B$5,2,1)+IF(F124='טבלת פרמטרים'!$C$5,3,IF(F124='טבלת פרמטרים'!$C$4,1,0))+IF(G124='טבלת פרמטרים'!$D$3,2,0)+IF(M124='טבלת פרמטרים'!$J$4,2,IF(M124='טבלת פרמטרים'!$J$3,1,0))+IF(N124='טבלת פרמטרים'!$K$6,3,IF(OR(N124='טבלת פרמטרים'!$K$4,N124='טבלת פרמטרים'!$K$5),2,IF(N124='טבלת פרמטרים'!$K$3,1,0)))) -> 2 | P124: לא נפגע | Q124: לא רלוונטי | R124: =IF(ISNUMBER(T124),T124+O124,O124) -> 2 | S124: =IF(EXACT(P124,'טבלת פרמטרים'!$M$2),'טבלת פרמטרים'!$N$2,IF(EXACT(P124,'טבלת פרמטרים'!$M$3),'טבלת פרמטרים'!$N$3,IF(EXACT(P124,'טבלת פרמטרים'!$M$4),'טבלת פרמטרים'!$N$4,IF(EXACT(P124,'טבלת פרמטרים'!$M$5),'טבלת פרמטרים'!$N$5,IF(EXACT(P124,'טבלת פרמטרים'!$M$6),'טבלת פרמטרים'!$N$6,IF(EXACT(P124,'טבלת פרמטרים'!$M$7),'טבלת פרמטרים'!$N$7,IF(EXACT(P124,'טבלת פרמטרים'!$M$8),'טבלת פרמטרים'!$N$8,IF(EXACT(P124,'טבלת פרמטרים'!$M$9),'טבלת פרמטרים'!$N$9,"")))))))) -> 0 | T124: =IF(EXACT(Q124,'טבלת פרמטרים'!$O$2),'טבלת פרמטרים'!$P$2,IF(EXACT(Q124,'טבלת פרמטרים'!$O$3),'טבלת פרמטרים'!$P$3,IF(EXACT(Q124,'טבלת פרמטרים'!$O$4),'טבלת פרמטרים'!$P$4,IF(EXACT(Q124,'טבלת פרמטרים'!$O$5),'טבלת פרמטרים'!$P$5,IF(EXACT(Q124,'טבלת פרמטרים'!$O$6),'טבלת פרמטרים'!$P$6,IF(EXACT(Q124,'טבלת פרמטרים'!$O$7),'טבלת פרמטרים'!$P$7,"")))))) -> 0
A125: 125 | B125: 43487 | C125: 43487 | D125: סימולציה | E125: מנהלי | F125: ללא נפגעים | G125: חד פעמי | H125: תקשורת | I125: עבודת בוקר | J125: סימולציה | K125: 3D | L125: תיק רגיל | M125: ללא | N125: חידוד נהל קיים | O125: =IF(ISBLANK(D125),"",IF(D125='טבלת פרמטרים'!$A$9,1,0)+IF(E125='טבלת פרמטרים'!$B$5,2,1)+IF(F125='טבלת פרמטרים'!$C$5,3,IF(F125='טבלת פרמטרים'!$C$4,1,0))+IF(G125='טבלת פרמטרים'!$D$3,2,0)+IF(M125='טבלת פרמטרים'!$J$4,2,IF(M125='טבלת פרמטרים'!$J$3,1,0))+IF(N125='טבלת פרמטרים'!$K$6,3,IF(OR(N125='טבלת פרמטרים'!$K$4,N125='טבלת פרמטרים'!$K$5),2,IF(N125='טבלת פרמטרים'!$K$3,1,0)))) -> 2 | P125: לא נפגע | Q125: לא רלוונטי | R125: =IF(ISNUMBER(T125),T125+O125,O125) -> 2 | S125: =IF(EXACT(P125,'טבלת פרמטרים'!$M$2),'טבלת פרמטרים'!$N$2,IF(EXACT(P125,'טבלת פרמטרים'!$M$3),'טבלת פרמטרים'!$N$3,IF(EXACT(P125,'טבלת פרמטרים'!$M$4),'טבלת פרמטרים'!$N$4,IF(EXACT(P125,'טבלת פרמטרים'!$M$5),'טבלת פרמטרים'!$N$5,IF(EXACT(P125,'טבלת פרמטרים'!$M$6),'טבלת פרמטרים'!$N$6,IF(EXACT(P125,'טבלת פרמטרים'!$M$7),'טבלת פרמטרים'!$N$7,IF(EXACT(P125,'טבלת פרמטרים'!$M$8),'טבלת פרמטרים'!$N$8,IF(EXACT(P125,'טבלת פרמטרים'!$M$9),'טבלת פרמטרים'!$N$9,"")))))))) -> 0 | T125: =IF(EXACT(Q125,'טבלת פרמטרים'!$O$2),'טבלת פרמטרים'!$P$2,IF(EXACT(Q125,'טבלת פרמטרים'!$O$3),'טבלת פרמטרים'!$P$3,IF(EXACT(Q125,'טבלת פרמטרים'!$O$4),'טבלת פרמטרים'!$P$4,IF(EXACT(Q125,'טבלת פרמטרים'!$O$5),'טבלת פרמטרים'!$P$5,IF(EXACT(Q125,'טבלת פרמטרים'!$O$6),'טבלת פרמטרים'!$P$6,IF(EXACT(Q125,'טבלת פרמטרים'!$O$7),'טבלת פרמטרים'!$P$7,"")))))) -> 0
A126: 126 | B126: 43487 | C126: 43487 | D126: אחר | E126: מנהלי | F126: ללא נפגעים | G126: חד פעמי | H126: תרבות עבודה | I126: עבודת ערב | J126: מאיץ1/מאיץ2 | K126: SRS\SRT | L126: תיק מהיר | M126: פרמטר יחיד | N126: ללא שינוי | O126: =IF(ISBLANK(D126),"",IF(D126='טבלת פרמטרים'!$A$9,1,0)+IF(E126='טבלת פרמטרים'!$B$5,2,1)+IF(F126='טבלת פרמטרים'!$C$5,3,IF(F126='טבלת פרמטרים'!$C$4,1,0))+IF(G126='טבלת פרמטרים'!$D$3,2,0)+IF(M126='טבלת פרמטרים'!$J$4,2,IF(M126='טבלת פרמטרים'!$J$3,1,0))+IF(N126='טבלת פרמטרים'!$K$6,3,IF(OR(N126='טבלת פרמטרים'!$K$4,N126='טבלת פרמטרים'!$K$5),2,IF(N126='טבלת פרמטרים'!$K$3,1,0)))) -> 2 | P126: לא נפגע | Q126: לא רלוונטי | R126: =IF(ISNUMBER(T126),T126+O126,O126) -> 2 | S126: =IF(EXACT(P126,'טבלת פרמטרים'!$M$2),'טבלת פרמטרים'!$N$2,IF(EXACT(P126,'טבלת פרמטרים'!$M$3),'טבלת פרמטרים'!$N$3,IF(EXACT(P126,'טבלת פרמטרים'!$M$4),'טבלת פרמטרים'!$N$4,IF(EXACT(P126,'טבלת פרמטרים'!$M$5),'טבלת פרמטרים'!$N$5,IF(EXACT(P126,'טבלת פרמטרים'!$M$6),'טבלת פרמטרים'!$N$6,IF(EXACT(P126,'טבלת פרמטרים'!$M$7),'טבלת פרמטרים'!$N$7,IF(EXACT(P126,'טבלת פרמטרים'!$M$8),'טבלת פרמטרים'!$N$8,IF(EXACT(P126,'טבלת פרמטרים'!$M$9),'טבלת פרמטרים'!$N$9,"")))))))) -> 0 | T126: =IF(EXACT(Q126,'טבלת פרמטרים'!$O$2),'טבלת פרמטרים'!$P$2,IF(EXACT(Q126,'טבלת פרמטרים'!$O$3),'טבלת פרמטרים'!$P$3,IF(EXACT(Q126,'טבלת פרמטרים'!$O$4),'טבלת פרמטרים'!$P$4,IF(EXACT(Q126,'טבלת פרמטרים'!$O$5),'טבלת פרמטרים'!$P$5,IF(EXACT(Q126,'טבלת פרמטרים'!$O$6),'טבלת פרמטרים'!$P$6,IF(EXACT(Q126,'טבלת פרמטרים'!$O$7),'טבלת פרמטרים'!$P$7,"")))))) -> 0
A127: 127 | B127: 43486 | C127: 43486 | D127: מהלך טיפול | E127: מקרה בטיחות | F127: ללא נפגעים | G127: חד פעמי | H127: נהל עבודה | I127: עבודת ערב | J127: מאיץ1/מאיץ2 | K127: SRS\SRT | L127: תיק מהיר | M127: פרמטר יחיד | N127: ללא שינוי | O127: =IF(ISBLANK(D127),"",IF(D127='טבלת פרמטרים'!$A$9,1,0)+IF(E127='טבלת פרמטרים'!$B$5,2,1)+IF(F127='טבלת פרמטרים'!$C$5,3,IF(F127='טבלת פרמטרים'!$C$4,1,0))+IF(G127='טבלת פרמטרים'!$D$3,2,0)+IF(M127='טבלת פרמטרים'!$J$4,2,IF(M127='טבלת פרמטרים'!$J$3,1,0))+IF(N127='טבלת פרמטרים'!$K$6,3,IF(OR(N127='טבלת פרמטרים'!$K$4,N127='טבלת פרמטרים'!$K$5),2,IF(N127='טבלת פרמטרים'!$K$3,1,0)))) -> 3 | R127: =IF(ISNUMBER(T127),T127+O127,O127) -> 3 | S127: =IF(EXACT(P127,'טבלת פרמטרים'!$M$2),'טבלת פרמטרים'!$N$2,IF(EXACT(P127,'טבלת פרמטרים'!$M$3),'טבלת פרמטרים'!$N$3,IF(EXACT(P127,'טבלת פרמטרים'!$M$4),'טבלת פרמטרים'!$N$4,IF(EXACT(P127,'טבלת פרמטרים'!$M$5),'טבלת פרמטרים'!$N$5,IF(EXACT(P127,'טבלת פרמטרים'!$M$6),'טבלת פרמטרים'!$N$6,IF(EXACT(P127,'טבלת פרמטרים'!$M$7),'טבלת פרמטרים'!$N$7,IF(EXACT(P127,'טבלת פרמטרים'!$M$8),'טבלת פרמטרים'!$N$8,IF(EXACT(P127,'טבלת פרמטרים'!$M$9),'טבלת פרמטרים'!$N$9,"")))))))) | T127: =IF(EXACT(Q127,'טבלת פרמטרים'!$O$2),'טבלת פרמטרים'!$P$2,IF(EXACT(Q127,'טבלת פרמטרים'!$O$3),'טבלת פרמטרים'!$P$3,IF(EXACT(Q127,'טבלת פרמטרים'!$O$4),'טבלת פרמטרים'!$P$4,IF(EXACT(Q127,'טבלת פרמטרים'!$O$5),'טבלת פרמטרים'!$P$5,IF(EXACT(Q127,'טבלת פרמטרים'!$O$6),'טבלת פרמטרים'!$P$6,IF(EXACT(Q127,'טבלת פרמטרים'!$O$7),'טבלת פרמטרים'!$P$7,""))))))
A128: 128 | B128: 43481 | C128: 43486 | D128: סימון | E128: מקרה בטיחות | F128: ללא נפגעים | G128: חד פעמי | H128: תקשורת | I128: עבודת בוקר | J128: לא ישים | K128: 3D | L128: תיק מהיר | M128: פרמטר יחיד | N128: חידוד נהל קיים | O128: =IF(ISBLANK(D128),"",IF(D128='טבלת פרמטרים'!$A$9,1,0)+IF(E128='טבלת פרמטרים'!$B$5,2,1)+IF(F128='טבלת פרמטרים'!$C$5,3,IF(F128='טבלת פרמטרים'!$C$4,1,0))+IF(G128='טבלת פרמטרים'!$D$3,2,0)+IF(M128='טבלת פרמטרים'!$J$4,2,IF(M128='טבלת פרמטרים'!$J$3,1,0))+IF(N128='טבלת פרמטרים'!$K$6,3,IF(OR(N128='טבלת פרמטרים'!$K$4,N128='טבלת פרמטרים'!$K$5),2,IF(N128='טבלת פרמטרים'!$K$3,1,0)))) -> 3 | Q128: לא רלוונטי | R128: =IF(ISNUMBER(T128),T128+O128,O128) -> 3 | S128: =IF(EXACT(P128,'טבלת פרמטרים'!$M$2),'טבלת פרמטרים'!$N$2,IF(EXACT(P128,'טבלת פרמטרים'!$M$3),'טבלת פרמטרים'!$N$3,IF(EXACT(P128,'טבלת פרמטרים'!$M$4),'טבלת פרמטרים'!$N$4,IF(EXACT(P128,'טבלת פרמטרים'!$M$5),'טבלת פרמטרים'!$N$5,IF(EXACT(P128,'טבלת פרמטרים'!$M$6),'טבלת פרמטרים'!$N$6,IF(EXACT(P128,'טבלת פרמטרים'!$M$7),'טבלת פרמטרים'!$N$7,IF(EXACT(P128,'טבלת פרמטרים'!$M$8),'טבלת פרמטרים'!$N$8,IF(EXACT(P128,'טבלת פרמטרים'!$M$9),'טבלת פרמטרים'!$N$9,"")))))))) | T128: =IF(EXACT(Q128,'טבלת פרמטרים'!$O$2),'טבלת פרמטרים'!$P$2,IF(EXACT(Q128,'טבלת פרמטרים'!$O$3),'טבלת פרמטרים'!$P$3,IF(EXACT(Q128,'טבלת פרמטרים'!$O$4),'טבלת פרמטרים'!$P$4,IF(EXACT(Q128,'טבלת פרמטרים'!$O$5),'טבלת פרמטרים'!$P$5,IF(EXACT(Q128,'טבלת פרמטרים'!$O$6),'טבלת פרמטרים'!$P$6,IF(EXACT(Q128,'טבלת פרמטרים'!$O$7),'טבלת פרמטרים'!$P$7,"")))))) -> 0
A129: 129 | B129: 37987 | C129: 43508 | D129: תכנון | E129: נפגע | F129: נפגעים מרובים | G129: רב פעמי | H129: טעות אנוש | I129: עבודת בוקר | J129: לא ישים | K129: TBI | L129: תיק רגיל | M129: ללא | N129: נהל חדש | O129: =IF(ISBLANK(D129),"",IF(D129='טבלת פרמטרים'!$A$9,1,0)+IF(E129='טבלת פרמטרים'!$B$5,2,1)+IF(F129='טבלת פרמטרים'!$C$5,3,IF(F129='טבלת פרמטרים'!$C$4,1,0))+IF(G129='טבלת פרמטרים'!$D$3,2,0)+IF(M129='טבלת פרמטרים'!$J$4,2,IF(M129='טבלת פרמטרים'!$J$3,1,0))+IF(N129='טבלת פרמטרים'!$K$6,3,IF(OR(N129='טבלת פרמטרים'!$K$4,N129='טבלת פרמטרים'!$K$5),2,IF(N129='טבלת פרמטרים'!$K$3,1,0)))) -> 9 | Q129: שוני במנה אבסולוטית מהמרשם קטן מ- 5% לכל איבר | R129: =IF(ISNUMBER(T129),T129+O129,O129) -> 10 | S129: =IF(EXACT(P129,'טבלת פרמטרים'!$M$2),'טבלת פרמטרים'!$N$2,IF(EXACT(P129,'טבלת פרמטרים'!$M$3),'טבלת פרמטרים'!$N$3,IF(EXACT(P129,'טבלת פרמטרים'!$M$4),'טבלת פרמטרים'!$N$4,IF(EXACT(P129,'טבלת פרמטרים'!$M$5),'טבלת פרמטרים'!$N$5,IF(EXACT(P129,'טבלת פרמטרים'!$M$6),'טבלת פרמטרים'!$N$6,IF(EXACT(P129,'טבלת פרמטרים'!$M$7),'טבלת פרמטרים'!$N$7,IF(EXACT(P129,'טבלת פרמטרים'!$M$8),'טבלת פרמטרים'!$N$8,IF(EXACT(P129,'טבלת פרמטרים'!$M$9),'טבלת פרמטרים'!$N$9,"")))))))) | T129: =IF(EXACT(Q129,'טבלת פרמטרים'!$O$2),'טבלת פרמטרים'!$P$2,IF(EXACT(Q129,'טבלת פרמטרים'!$O$3),'טבלת פרמטרים'!$P$3,IF(EXACT(Q129,'טבלת פרמטרים'!$O$4),'טבלת פרמטרים'!$P$4,IF(EXACT(Q129,'טבלת פרמטרים'!$O$5),'טבלת פרמטרים'!$P$5,IF(EXACT(Q129,'טבלת פרמטרים'!$O$6),'טבלת פרמטרים'!$P$6,IF(EXACT(Q129,'טבלת פרמטרים'!$O$7),'טבלת פרמטרים'!$P$7,"")))))) -> 1
A130: 130 | B130: 43488 | C130: 43508 | D130: סימולציה | E130: מקרה בטיחות | F130: ללא נפגעים | G130: חד פעמי | H130: נהל עבודה | I130: עבודת בוקר | J130: סימולציה | K130: אחר | L130: לא ישים | M130: יותר מפרמטר אחד | N130: נהל חדש | O130: =IF(ISBLANK(D130),"",IF(D130='טבלת פרמטרים'!$A$9,1,0)+IF(E130='טבלת פרמטרים'!$B$5,2,1)+IF(F130='טבלת פרמטרים'!$C$5,3,IF(F130='טבלת פרמטרים'!$C$4,1,0))+IF(G130='טבלת פרמטרים'!$D$3,2,0)+IF(M130='טבלת פרמטרים'!$J$4,2,IF(M130='טבלת פרמטרים'!$J$3,1,0))+IF(N130='טבלת פרמטרים'!$K$6,3,IF(OR(N130='טבלת פרמטרים'!$K$4,N130='טבלת פרמטרים'!$K$5),2,IF(N130='טבלת פרמטרים'!$K$3,1,0)))) -> 5 | R130: =IF(ISNUMBER(T130),T130+O130,O130) -> 5 | S130: =IF(EXACT(P130,'טבלת פרמטרים'!$M$2),'טבלת פרמטרים'!$N$2,IF(EXACT(P130,'טבלת פרמטרים'!$M$3),'טבלת פרמטרים'!$N$3,IF(EXACT(P130,'טבלת פרמטרים'!$M$4),'טבלת פרמטרים'!$N$4,IF(EXACT(P130,'טבלת פרמטרים'!$M$5),'טבלת פרמטרים'!$N$5,IF(EXACT(P130,'טבלת פרמטרים'!$M$6),'טבלת פרמטרים'!$N$6,IF(EXACT(P130,'טבלת פרמטרים'!$M$7),'טבלת פרמטרים'!$N$7,IF(EXACT(P130,'טבלת פרמטרים'!$M$8),'טבלת פרמטרים'!$N$8,IF(EXACT(P130,'טבלת פרמטרים'!$M$9),'טבלת פרמטרים'!$N$9,"")))))))) | T130: =IF(EXACT(Q130,'טבלת פרמטרים'!$O$2),'טבלת פרמטרים'!$P$2,IF(EXACT(Q130,'טבלת פרמטרים'!$O$3),'טבלת פרמטרים'!$P$3,IF(EXACT(Q130,'טבלת פרמטרים'!$O$4),'טבלת פרמטרים'!$P$4,IF(EXACT(Q130,'טבלת פרמטרים'!$O$5),'טבלת פרמטרים'!$P$5,IF(EXACT(Q130,'טבלת פרמטרים'!$O$6),'טבלת פרמטרים'!$P$6,IF(EXACT(Q130,'טבלת פרמטרים'!$O$7),'טבלת פרמטרים'!$P$7,""))))))
A131: 131 | C131: 43516 | D131: סימולציה | E131: נפגע | F131: נפגעים מרובים | G131: חד פעמי | H131: נהל עבודה | I131: עבודת בוקר | J131: סימולציה | K131: אחר | L131: לא ישים | M131: יותר מפרמטר אחד | N131: חידוד נהל קיים | O131: =IF(ISBLANK(D131),"",IF(D131='טבלת פרמטרים'!$A$9,1,0)+IF(E131='טבלת פרמטרים'!$B$5,2,1)+IF(F131='טבלת פרמטרים'!$C$5,3,IF(F131='טבלת פרמטרים'!$C$4,1,0))+IF(G131='טבלת פרמטרים'!$D$3,2,0)+IF(M131='טבלת פרמטרים'!$J$4,2,IF(M131='טבלת פרמטרים'!$J$3,1,0))+IF(N131='טבלת פרמטרים'!$K$6,3,IF(OR(N131='טבלת פרמטרים'!$K$4,N131='טבלת פרמטרים'!$K$5),2,IF(N131='טבלת פרמטרים'!$K$3,1,0)))) -> 8 | Q131: שוני במנה אבסולוטית מהמרשם קטן מ- 5% לכל איבר | R131: =IF(ISNUMBER(T131),T131+O131,O131) -> 9 | S131: =IF(EXACT(P131,'טבלת פרמטרים'!$M$2),'טבלת פרמטרים'!$N$2,IF(EXACT(P131,'טבלת פרמטרים'!$M$3),'טבלת פרמטרים'!$N$3,IF(EXACT(P131,'טבלת פרמטרים'!$M$4),'טבלת פרמטרים'!$N$4,IF(EXACT(P131,'טבלת פרמטרים'!$M$5),'טבלת פרמטרים'!$N$5,IF(EXACT(P131,'טבלת פרמטרים'!$M$6),'טבלת פרמטרים'!$N$6,IF(EXACT(P131,'טבלת פרמטרים'!$M$7),'טבלת פרמטרים'!$N$7,IF(EXACT(P131,'טבלת פרמטרים'!$M$8),'טבלת פרמטרים'!$N$8,IF(EXACT(P131,'טבלת פרמטרים'!$M$9),'טבלת פרמטרים'!$N$9,"")))))))) | T131: =IF(EXACT(Q131,'טבלת פרמטרים'!$O$2),'טבלת פרמטרים'!$P$2,IF(EXACT(Q131,'טבלת פרמטרים'!$O$3),'טבלת פרמטרים'!$P$3,IF(EXACT(Q131,'טבלת פרמטרים'!$O$4),'טבלת פרמטרים'!$P$4,IF(EXACT(Q131,'טבלת פרמטרים'!$O$5),'טבלת פרמטרים'!$P$5,IF(EXACT(Q131,'טבלת פרמטרים'!$O$6),'טבלת פרמטרים'!$P$6,IF(EXACT(Q131,'טבלת פרמטרים'!$O$7),'טבלת פרמטרים'!$P$7,"")))))) -> 1
A132: 132 | B132: 43486 | C132: 43486 | D132: מהלך טיפול | E132: מקרה בטיחות | F132: ללא נפגעים | G132: חד פעמי | H132: נהל עבודה | I132: עבודת ערב | J132: מאיץ1/מאיץ2 | K132: SRS\SRT | L132: תיק מהיר | M132: פרמטר יחיד | N132: ללא שינוי | O132: =IF(ISBLANK(D132),"",IF(D132='טבלת פרמטרים'!$A$9,1,0)+IF(E132='טבלת פרמטרים'!$B$5,2,1)+IF(F132='טבלת פרמטרים'!$C$5,3,IF(F132='טבלת פרמטרים'!$C$4,1,0))+IF(G132='טבלת פרמטרים'!$D$3,2,0)+IF(M132='טבלת פרמטרים'!$J$4,2,IF(M132='טבלת פרמטרים'!$J$3,1,0))+IF(N132='טבלת פרמטרים'!$K$6,3,IF(OR(N132='טבלת פרמטרים'!$K$4,N132='טבלת פרמטרים'!$K$5),2,IF(N132='טבלת פרמטרים'!$K$3,1,0)))) -> 3 | Q132: לא רלוונטי | R132: =IF(ISNUMBER(T132),T132+O132,O132) -> 3 | S132: =IF(EXACT(P132,'טבלת פרמטרים'!$M$2),'טבלת פרמטרים'!$N$2,IF(EXACT(P132,'טבלת פרמטרים'!$M$3),'טבלת פרמטרים'!$N$3,IF(EXACT(P132,'טבלת פרמטרים'!$M$4),'טבלת פרמטרים'!$N$4,IF(EXACT(P132,'טבלת פרמטרים'!$M$5),'טבלת פרמטרים'!$N$5,IF(EXACT(P132,'טבלת פרמטרים'!$M$6),'טבלת פרמטרים'!$N$6,IF(EXACT(P132,'טבלת פרמטרים'!$M$7),'טבלת פרמטרים'!$N$7,IF(EXACT(P132,'טבלת פרמטרים'!$M$8),'טבלת פרמטרים'!$N$8,IF(EXACT(P132,'טבלת פרמטרים'!$M$9),'טבלת פרמטרים'!$N$9,"")))))))) | T132: =IF(EXACT(Q132,'טבלת פרמטרים'!$O$2),'טבלת פרמטרים'!$P$2,IF(EXACT(Q132,'טבלת פרמטרים'!$O$3),'טבלת פרמטרים'!$P$3,IF(EXACT(Q132,'טבלת פרמטרים'!$O$4),'טבלת פרמטרים'!$P$4,IF(EXACT(Q132,'טבלת פרמטרים'!$O$5),'טבלת פרמטרים'!$P$5,IF(EXACT(Q132,'טבלת פרמטרים'!$O$6),'טבלת פרמטרים'!$P$6,IF(EXACT(Q132,'טבלת פרמטרים'!$O$7),'טבלת פרמטרים'!$P$7,"")))))) -> 0
A133: 133 | B133: 43481 | C133: 43486 | D133: סימולציה | E133: מקרה בטיחות | F133: ללא נפגעים | G133: חד פעמי | H133: טעות אנוש | I133: עבודת בוקר | J133: מאיץ1/מאיץ2 | K133: SBRT | L133: תיק רגיל | M133: ללא | N133: ללא שינוי | O133: =IF(ISBLANK(D133),"",IF(D133='טבלת פרמטרים'!$A$9,1,0)+IF(E133='טבלת פרמטרים'!$B$5,2,1)+IF(F133='טבלת פרמטרים'!$C$5,3,IF(F133='טבלת פרמטרים'!$C$4,1,0))+IF(G133='טבלת פרמטרים'!$D$3,2,0)+IF(M133='טבלת פרמטרים'!$J$4,2,IF(M133='טבלת פרמטרים'!$J$3,1,0))+IF(N133='טבלת פרמטרים'!$K$6,3,IF(OR(N133='טבלת פרמטרים'!$K$4,N133='טבלת פרמטרים'!$K$5),2,IF(N133='טבלת פרמטרים'!$K$3,1,0)))) -> 1 | Q133: לא רלוונטי | R133: =IF(ISNUMBER(T133),T133+O133,O133) -> 1 | S133: =IF(EXACT(P133,'טבלת פרמטרים'!$M$2),'טבלת פרמטרים'!$N$2,IF(EXACT(P133,'טבלת פרמטרים'!$M$3),'טבלת פרמטרים'!$N$3,IF(EXACT(P133,'טבלת פרמטרים'!$M$4),'טבלת פרמטרים'!$N$4,IF(EXACT(P133,'טבלת פרמטרים'!$M$5),'טבלת פרמטרים'!$N$5,IF(EXACT(P133,'טבלת פרמטרים'!$M$6),'טבלת פרמטרים'!$N$6,IF(EXACT(P133,'טבלת פרמטרים'!$M$7),'טבלת פרמטרים'!$N$7,IF(EXACT(P133,'טבלת פרמטרים'!$M$8),'טבלת פרמטרים'!$N$8,IF(EXACT(P133,'טבלת פרמטרים'!$M$9),'טבלת פרמטרים'!$N$9,"")))))))) | T133: =IF(EXACT(Q133,'טבלת פרמטרים'!$O$2),'טבלת פרמטרים'!$P$2,IF(EXACT(Q133,'טבלת פרמטרים'!$O$3),'טבלת פרמטרים'!$P$3,IF(EXACT(Q133,'טבלת פרמטרים'!$O$4),'טבלת פרמטרים'!$P$4,IF(EXACT(Q133,'טבלת פרמטרים'!$O$5),'טבלת פרמטרים'!$P$5,IF(EXACT(Q133,'טבלת פרמטרים'!$O$6),'טבלת פרמטרים'!$P$6,IF(EXACT(Q133,'טבלת פרמטרים'!$O$7),'טבלת פרמטרים'!$P$7,"")))))) -> 0
A134: 134 | B134: 43485 | C134: 43494 | D134: לפני טיפול | E134: כמעט נפגע | F134: ללא נפגעים | G134: רב פעמי | H134: תרבות עבודה | I134: עבודת בוקר | J134: מאיץ1/מאיץ2 | K134: 3D | L134: תיק מהיר | M134: פרמטר יחיד | N134: חידוד נהל קיים | O134: =IF(ISBLANK(D134),"",IF(D134='טבלת פרמטרים'!$A$9,1,0)+IF(E134='טבלת פרמטרים'!$B$5,2,1)+IF(F134='טבלת פרמטרים'!$C$5,3,IF(F134='טבלת פרמטרים'!$C$4,1,0))+IF(G134='טבלת פרמטרים'!$D$3,2,0)+IF(M134='טבלת פרמטרים'!$J$4,2,IF(M134='טבלת פרמטרים'!$J$3,1,0))+IF(N134='טבלת פרמטרים'!$K$6,3,IF(OR(N134='טבלת פרמטרים'!$K$4,N134='טבלת פרמטרים'!$K$5),2,IF(N134='טבלת פרמטרים'!$K$3,1,0)))) -> 5 | Q134: לא רלוונטי | R134: =IF(ISNUMBER(T134),T134+O134,O134) -> 5 | S134: =IF(EXACT(P134,'טבלת פרמטרים'!$M$2),'טבלת פרמטרים'!$N$2,IF(EXACT(P134,'טבלת פרמטרים'!$M$3),'טבלת פרמטרים'!$N$3,IF(EXACT(P134,'טבלת פרמטרים'!$M$4),'טבלת פרמטרים'!$N$4,IF(EXACT(P134,'טבלת פרמטרים'!$M$5),'טבלת פרמטרים'!$N$5,IF(EXACT(P134,'טבלת פרמטרים'!$M$6),'טבלת פרמטרים'!$N$6,IF(EXACT(P134,'טבלת פרמטרים'!$M$7),'טבלת פרמטרים'!$N$7,IF(EXACT(P134,'טבלת פרמטרים'!$M$8),'טבלת פרמטרים'!$N$8,IF(EXACT(P134,'טבלת פרמטרים'!$M$9),'טבלת פרמטרים'!$N$9,"")))))))) | T134: =IF(EXACT(Q134,'טבלת פרמטרים'!$O$2),'טבלת פרמטרים'!$P$2,IF(EXACT(Q134,'טבלת פרמטרים'!$O$3),'טבלת פרמטרים'!$P$3,IF(EXACT(Q134,'טבלת פרמטרים'!$O$4),'טבלת פרמטרים'!$P$4,IF(EXACT(Q134,'טבלת פרמטרים'!$O$5),'טבלת פרמטרים'!$P$5,IF(EXACT(Q134,'טבלת פרמטרים'!$O$6),'טבלת פרמטרים'!$P$6,IF(EXACT(Q134,'טבלת פרמטרים'!$O$7),'טבלת פרמטרים'!$P$7,"")))))) -> 0
A135: 135 | B135: 43492 | C135: 43494 | D135: סימולציה | E135: כמעט נפגע | F135: נפגע יחיד | G135: חד פעמי | H135: תקשורת | I135: עבודת בוקר | J135: סימולציה | K135: 3D | L135: תיק רגיל | M135: פרמטר יחיד | N135: חידוד נהל קיים | O135: =IF(ISBLANK(D135),"",IF(D135='טבלת פרמטרים'!$A$9,1,0)+IF(E135='טבלת פרמטרים'!$B$5,2,1)+IF(F135='טבלת פרמטרים'!$C$5,3,IF(F135='טבלת פרמטרים'!$C$4,1,0))+IF(G135='טבלת פרמטרים'!$D$3,2,0)+IF(M135='טבלת פרמטרים'!$J$4,2,IF(M135='טבלת פרמטרים'!$J$3,1,0))+IF(N135='טבלת פרמטרים'!$K$6,3,IF(OR(N135='טבלת פרמטרים'!$K$4,N135='טבלת פרמטרים'!$K$5),2,IF(N135='טבלת פרמטרים'!$K$3,1,0)))) -> 4 | Q135: לא רלוונטי | R135: =IF(ISNUMBER(T135),T135+O135,O135) -> 4 | S135: =IF(EXACT(P135,'טבלת פרמטרים'!$M$2),'טבלת פרמטרים'!$N$2,IF(EXACT(P135,'טבלת פרמטרים'!$M$3),'טבלת פרמטרים'!$N$3,IF(EXACT(P135,'טבלת פרמטרים'!$M$4),'טבלת פרמטרים'!$N$4,IF(EXACT(P135,'טבלת פרמטרים'!$M$5),'טבלת פרמטרים'!$N$5,IF(EXACT(P135,'טבלת פרמטרים'!$M$6),'טבלת פרמטרים'!$N$6,IF(EXACT(P135,'טבלת פרמטרים'!$M$7),'טבלת פרמטרים'!$N$7,IF(EXACT(P135,'טבלת פרמטרים'!$M$8),'טבלת פרמטרים'!$N$8,IF(EXACT(P135,'טבלת פרמטרים'!$M$9),'טבלת פרמטרים'!$N$9,"")))))))) | T135: =IF(EXACT(Q135,'טבלת פרמטרים'!$O$2),'טבלת פרמטרים'!$P$2,IF(EXACT(Q135,'טבלת פרמטרים'!$O$3),'טבלת פרמטרים'!$P$3,IF(EXACT(Q135,'טבלת פרמטרים'!$O$4),'טבלת פרמטרים'!$P$4,IF(EXACT(Q135,'טבלת פרמטרים'!$O$5),'טבלת פרמטרים'!$P$5,IF(EXACT(Q135,'טבלת פרמטרים'!$O$6),'טבלת פרמטרים'!$P$6,IF(EXACT(Q135,'טבלת פרמטרים'!$O$7),'טבלת פרמטרים'!$P$7,"")))))) -> 0
A136: 136 | B136: 43506 | C136: 43506 | D136: מהלך טיפול | E136: נפגע | F136: נפגע יחיד | G136: חד פעמי | H136: טעות אנוש | I136: עבודת ערב | J136: מאיץ3 | K136: 3D | L136: תיק רגיל | M136: פרמטר יחיד | N136: ללא שינוי | O136: =IF(ISBLANK(D136),"",IF(D136='טבלת פרמטרים'!$A$9,1,0)+IF(E136='טבלת פרמטרים'!$B$5,2,1)+IF(F136='טבלת פרמטרים'!$C$5,3,IF(F136='טבלת פרמטרים'!$C$4,1,0))+IF(G136='טבלת פרמטרים'!$D$3,2,0)+IF(M136='טבלת פרמטרים'!$J$4,2,IF(M136='טבלת פרמטרים'!$J$3,1,0))+IF(N136='טבלת פרמטרים'!$K$6,3,IF(OR(N136='טבלת פרמטרים'!$K$4,N136='טבלת פרמטרים'!$K$5),2,IF(N136='טבלת פרמטרים'!$K$3,1,0)))) -> 5 | Q136: שוני במנה אבסולוטית מהמרשם קטן מ- 5% לכל איבר | R136: =IF(ISNUMBER(T136),T136+O136,O136) -> 6 | S136: =IF(EXACT(P136,'טבלת פרמטרים'!$M$2),'טבלת פרמטרים'!$N$2,IF(EXACT(P136,'טבלת פרמטרים'!$M$3),'טבלת פרמטרים'!$N$3,IF(EXACT(P136,'טבלת פרמטרים'!$M$4),'טבלת פרמטרים'!$N$4,IF(EXACT(P136,'טבלת פרמטרים'!$M$5),'טבלת פרמטרים'!$N$5,IF(EXACT(P136,'טבלת פרמטרים'!$M$6),'טבלת פרמטרים'!$N$6,IF(EXACT(P136,'טבלת פרמטרים'!$M$7),'טבלת פרמטרים'!$N$7,IF(EXACT(P136,'טבלת פרמטרים'!$M$8),'טבלת פרמטרים'!$N$8,IF(EXACT(P136,'טבלת פרמטרים'!$M$9),'טבלת פרמטרים'!$N$9,"")))))))) | T136: =IF(EXACT(Q136,'טבלת פרמטרים'!$O$2),'טבלת פרמטרים'!$P$2,IF(EXACT(Q136,'טבלת פרמטרים'!$O$3),'טבלת פרמטרים'!$P$3,IF(EXACT(Q136,'טבלת פרמטרים'!$O$4),'טבלת פרמטרים'!$P$4,IF(EXACT(Q136,'טבלת פרמטרים'!$O$5),'טבלת פרמטרים'!$P$5,IF(EXACT(Q136,'טבלת פרמטרים'!$O$6),'טבלת פרמטרים'!$P$6,IF(EXACT(Q136,'טבלת פרמטרים'!$O$7),'טבלת פרמטרים'!$P$7,"")))))) -> 1
A137: 137 | B137: 43506 | C137: 43507 | D137: סימולציה | E137: מנהלי | F137: ללא נפגעים | G137: חד פעמי | H137: תרבות עבודה | I137: עבודת ערב | J137: מאיץ1/מאיץ2 | K137: IMRT | L137: תיק דחוף | M137: יותר מפרמטר אחד | N137: חידוד נהל קיים | O137: =IF(ISBLANK(D137),"",IF(D137='טבלת פרמטרים'!$A$9,1,0)+IF(E137='טבלת פרמטרים'!$B$5,2,1)+IF(F137='טבלת פרמטרים'!$C$5,3,IF(F137='טבלת פרמטרים'!$C$4,1,0))+IF(G137='טבלת פרמטרים'!$D$3,2,0)+IF(M137='טבלת פרמטרים'!$J$4,2,IF(M137='טבלת פרמטרים'!$J$3,1,0))+IF(N137='טבלת פרמטרים'!$K$6,3,IF(OR(N137='טבלת פרמטרים'!$K$4,N137='טבלת פרמטרים'!$K$5),2,IF(N137='טבלת פרמטרים'!$K$3,1,0)))) -> 4 | Q137: לא רלוונטי | R137: =IF(ISNUMBER(T137),T137+O137,O137) -> 4 | S137: =IF(EXACT(P137,'טבלת פרמטרים'!$M$2),'טבלת פרמטרים'!$N$2,IF(EXACT(P137,'טבלת פרמטרים'!$M$3),'טבלת פרמטרים'!$N$3,IF(EXACT(P137,'טבלת פרמטרים'!$M$4),'טבלת פרמטרים'!$N$4,IF(EXACT(P137,'טבלת פרמטרים'!$M$5),'טבלת פרמטרים'!$N$5,IF(EXACT(P137,'טבלת פרמטרים'!$M$6),'טבלת פרמטרים'!$N$6,IF(EXACT(P137,'טבלת פרמטרים'!$M$7),'טבלת פרמטרים'!$N$7,IF(EXACT(P137,'טבלת פרמטרים'!$M$8),'טבלת פרמטרים'!$N$8,IF(EXACT(P137,'טבלת פרמטרים'!$M$9),'טבלת פרמטרים'!$N$9,"")))))))) | T137: =IF(EXACT(Q137,'טבלת פרמטרים'!$O$2),'טבלת פרמטרים'!$P$2,IF(EXACT(Q137,'טבלת פרמטרים'!$O$3),'טבלת פרמטרים'!$P$3,IF(EXACT(Q137,'טבלת פרמטרים'!$O$4),'טבלת פרמטרים'!$P$4,IF(EXACT(Q137,'טבלת פרמטרים'!$O$5),'טבלת פרמטרים'!$P$5,IF(EXACT(Q137,'טבלת פרמטרים'!$O$6),'טבלת פרמטרים'!$P$6,IF(EXACT(Q137,'טבלת פרמטרים'!$O$7),'טבלת פרמטרים'!$P$7,"")))))) -> 0
A138: 138 | B138: 43510 | C138: 43510 | D138: סימולציה | E138: כמעט נפגע | F138: ללא נפגעים | G138: חד פעמי | H138: תקשורת | I138: עבודת בוקר | J138: סימולציה | K138: IMRT | L138: תיק רגיל | M138: פרמטר יחיד | N138: חידוד נהל קיים | O138: =IF(ISBLANK(D138),"",IF(D138='טבלת פרמטרים'!$A$9,1,0)+IF(E138='טבלת פרמטרים'!$B$5,2,1)+IF(F138='טבלת פרמטרים'!$C$5,3,IF(F138='טבלת פרמטרים'!$C$4,1,0))+IF(G138='טבלת פרמטרים'!$D$3,2,0)+IF(M138='טבלת פרמטרים'!$J$4,2,IF(M138='טבלת פרמטרים'!$J$3,1,0))+IF(N138='טבלת פרמטרים'!$K$6,3,IF(OR(N138='טבלת פרמטרים'!$K$4,N138='טבלת פרמטרים'!$K$5),2,IF(N138='טבלת פרמטרים'!$K$3,1,0)))) -> 3 | Q138: לא רלוונטי | R138: =IF(ISNUMBER(T138),T138+O138,O138) -> 3 | S138: =IF(EXACT(P138,'טבלת פרמטרים'!$M$2),'טבלת פרמטרים'!$N$2,IF(EXACT(P138,'טבלת פרמטרים'!$M$3),'טבלת פרמטרים'!$N$3,IF(EXACT(P138,'טבלת פרמטרים'!$M$4),'טבלת פרמטרים'!$N$4,IF(EXACT(P138,'טבלת פרמטרים'!$M$5),'טבלת פרמטרים'!$N$5,IF(EXACT(P138,'טבלת פרמטרים'!$M$6),'טבלת פרמטרים'!$N$6,IF(EXACT(P138,'טבלת פרמטרים'!$M$7),'טבלת פרמטרים'!$N$7,IF(EXACT(P138,'טבלת פרמטרים'!$M$8),'טבלת פרמטרים'!$N$8,IF(EXACT(P138,'טבלת פרמטרים'!$M$9),'טבלת פרמטרים'!$N$9,"")))))))) | T138: =IF(EXACT(Q138,'טבלת פרמטרים'!$O$2),'טבלת פרמטרים'!$P$2,IF(EXACT(Q138,'טבלת פרמטרים'!$O$3),'טבלת פרמטרים'!$P$3,IF(EXACT(Q138,'טבלת פרמטרים'!$O$4),'טבלת פרמטרים'!$P$4,IF(EXACT(Q138,'טבלת פרמטרים'!$O$5),'טבלת פרמטרים'!$P$5,IF(EXACT(Q138,'טבלת פרמטרים'!$O$6),'טבלת פרמטרים'!$P$6,IF(EXACT(Q138,'טבלת פרמטרים'!$O$7),'טבלת פרמטרים'!$P$7,"")))))) -> 0
A139: 139 | B139: 43495 | C139: 43516 | D139: תכנון | E139: מקרה בטיחות | F139: ללא נפגעים | G139: חד פעמי | H139: נהל עבודה | I139: עבודת ערב | J139: מאיץ1/מאיץ2 | K139: SRS\SRT | L139: תיק מהיר | M139: יותר מפרמטר אחד | N139: חידוד נהל קיים | O139: =IF(ISBLANK(D139),"",IF(D139='טבלת פרמטרים'!$A$9,1,0)+IF(E139='טבלת פרמטרים'!$B$5,2,1)+IF(F139='טבלת פרמטרים'!$C$5,3,IF(F139='טבלת פרמטרים'!$C$4,1,0))+IF(G139='טבלת פרמטרים'!$D$3,2,0)+IF(M139='טבלת פרמטרים'!$J$4,2,IF(M139='טבלת פרמטרים'!$J$3,1,0))+IF(N139='טבלת פרמטרים'!$K$6,3,IF(OR(N139='טבלת פרמטרים'!$K$4,N139='טבלת פרמטרים'!$K$5),2,IF(N139='טבלת פרמטרים'!$K$3,1,0)))) -> 4 | Q139: לא רלוונטי | R139: =IF(ISNUMBER(T139),T139+O139,O139) -> 4 | S139: =IF(EXACT(P139,'טבלת פרמטרים'!$M$2),'טבלת פרמטרים'!$N$2,IF(EXACT(P139,'טבלת פרמטרים'!$M$3),'טבלת פרמטרים'!$N$3,IF(EXACT(P139,'טבלת פרמטרים'!$M$4),'טבלת פרמטרים'!$N$4,IF(EXACT(P139,'טבלת פרמטרים'!$M$5),'טבלת פרמטרים'!$N$5,IF(EXACT(P139,'טבלת פרמטרים'!$M$6),'טבלת פרמטרים'!$N$6,IF(EXACT(P139,'טבלת פרמטרים'!$M$7),'טבלת פרמטרים'!$N$7,IF(EXACT(P139,'טבלת פרמטרים'!$M$8),'טבלת פרמטרים'!$N$8,IF(EXACT(P139,'טבלת פרמטרים'!$M$9),'טבלת פרמטרים'!$N$9,"")))))))) | T139: =IF(EXACT(Q139,'טבלת פרמטרים'!$O$2),'טבלת פרמטרים'!$P$2,IF(EXACT(Q139,'טבלת פרמטרים'!$O$3),'טבלת פרמטרים'!$P$3,IF(EXACT(Q139,'טבלת פרמטרים'!$O$4),'טבלת פרמטרים'!$P$4,IF(EXACT(Q139,'טבלת פרמטרים'!$O$5),'טבלת פרמטרים'!$P$5,IF(EXACT(Q139,'טבלת פרמטרים'!$O$6),'טבלת פרמטרים'!$P$6,IF(EXACT(Q139,'טבלת פרמטרים'!$O$7),'טבלת פרמטרים'!$P$7,"")))))) -> 0
A140: 140 | B140: 43513 | C140: 43516 | D140: מהלך טיפול | E140: נפגע | F140: נפגע יחיד | G140: חד פעמי | H140: נהל עבודה | I140: עבודת ערב | J140: מאיץ1/מאיץ2 | K140: SBRT | L140: תיק רגיל | M140: יותר מפרמטר אחד | N140: שינוי נוהל קיים | O140: =IF(ISBLANK(D140),"",IF(D140='טבלת פרמטרים'!$A$9,1,0)+IF(E140='טבלת פרמטרים'!$B$5,2,1)+IF(F140='טבלת פרמטרים'!$C$5,3,IF(F140='טבלת פרמטרים'!$C$4,1,0))+IF(G140='טבלת פרמטרים'!$D$3,2,0)+IF(M140='טבלת פרמטרים'!$J$4,2,IF(M140='טבלת פרמטרים'!$J$3,1,0))+IF(N140='טבלת פרמטרים'!$K$6,3,IF(OR(N140='טבלת פרמטרים'!$K$4,N140='טבלת פרמטרים'!$K$5),2,IF(N140='טבלת פרמטרים'!$K$3,1,0)))) -> 8 | Q140: שוני במנה אבסולוטית מהמרשם בין 10% ל- 25% לכל איבר | R140: =IF(ISNUMBER(T140),T140+O140,O140) -> 14 | S140: =IF(EXACT(P140,'טבלת פרמטרים'!$M$2),'טבלת פרמטרים'!$N$2,IF(EXACT(P140,'טבלת פרמטרים'!$M$3),'טבלת פרמטרים'!$N$3,IF(EXACT(P140,'טבלת פרמטרים'!$M$4),'טבלת פרמטרים'!$N$4,IF(EXACT(P140,'טבלת פרמטרים'!$M$5),'טבלת פרמטרים'!$N$5,IF(EXACT(P140,'טבלת פרמטרים'!$M$6),'טבלת פרמטרים'!$N$6,IF(EXACT(P140,'טבלת פרמטרים'!$M$7),'טבלת פרמטרים'!$N$7,IF(EXACT(P140,'טבלת פרמטרים'!$M$8),'טבלת פרמטרים'!$N$8,IF(EXACT(P140,'טבלת פרמטרים'!$M$9),'טבלת פרמטרים'!$N$9,"")))))))) | T140: =IF(EXACT(Q140,'טבלת פרמטרים'!$O$2),'טבלת פרמטרים'!$P$2,IF(EXACT(Q140,'טבלת פרמטרים'!$O$3),'טבלת פרמטרים'!$P$3,IF(EXACT(Q140,'טבלת פרמטרים'!$O$4),'טבלת פרמטרים'!$P$4,IF(EXACT(Q140,'טבלת פרמטרים'!$O$5),'טבלת פרמטרים'!$P$5,IF(EXACT(Q140,'טבלת פרמטרים'!$O$6),'טבלת פרמטרים'!$P$6,IF(EXACT(Q140,'טבלת פרמטרים'!$O$7),'טבלת פרמטרים'!$P$7,"")))))) -> 6
A141: 141 | B141: 43520 | C141: 43520 | D141: תכנון | E141: כמעט נפגע | F141: ללא נפגעים | G141: חד פעמי | H141: תקשורת | I141: עבודת בוקר | J141: לא ישים | K141: SBRT | L141: תיק רגיל | M141: פרמטר יחיד | N141: חידוד נהל קיים | O141: =IF(ISBLANK(D141),"",IF(D141='טבלת פרמטרים'!$A$9,1,0)+IF(E141='טבלת פרמטרים'!$B$5,2,1)+IF(F141='טבלת פרמטרים'!$C$5,3,IF(F141='טבלת פרמטרים'!$C$4,1,0))+IF(G141='טבלת פרמטרים'!$D$3,2,0)+IF(M141='טבלת פרמטרים'!$J$4,2,IF(M141='טבלת פרמטרים'!$J$3,1,0))+IF(N141='טבלת פרמטרים'!$K$6,3,IF(OR(N141='טבלת פרמטרים'!$K$4,N141='טבלת פרמטרים'!$K$5),2,IF(N141='טבלת פרמטרים'!$K$3,1,0)))) -> 3 | Q141: לא רלוונטי | R141: =IF(ISNUMBER(T141),T141+O141,O141) -> 3 | S141: =IF(EXACT(P141,'טבלת פרמטרים'!$M$2),'טבלת פרמטרים'!$N$2,IF(EXACT(P141,'טבלת פרמטרים'!$M$3),'טבלת פרמטרים'!$N$3,IF(EXACT(P141,'טבלת פרמטרים'!$M$4),'טבלת פרמטרים'!$N$4,IF(EXACT(P141,'טבלת פרמטרים'!$M$5),'טבלת פרמטרים'!$N$5,IF(EXACT(P141,'טבלת פרמטרים'!$M$6),'טבלת פרמטרים'!$N$6,IF(EXACT(P141,'טבלת פרמטרים'!$M$7),'טבלת פרמטרים'!$N$7,IF(EXACT(P141,'טבלת פרמטרים'!$M$8),'טבלת פרמטרים'!$N$8,IF(EXACT(P141,'טבלת פרמטרים'!$M$9),'טבלת פרמטרים'!$N$9,"")))))))) | T141: =IF(EXACT(Q141,'טבלת פרמטרים'!$O$2),'טבלת פרמטרים'!$P$2,IF(EXACT(Q141,'טבלת פרמטרים'!$O$3),'טבלת פרמטרים'!$P$3,IF(EXACT(Q141,'טבלת פרמטרים'!$O$4),'טבלת פרמטרים'!$P$4,IF(EXACT(Q141,'טבלת פרמטרים'!$O$5),'טבלת פרמטרים'!$P$5,IF(EXACT(Q141,'טבלת פרמטרים'!$O$6),'טבלת פרמטרים'!$P$6,IF(EXACT(Q141,'טבלת פרמטרים'!$O$7),'טבלת פרמטרים'!$P$7,"")))))) -> 0
A142: 142 | B142: 43513 | C142: 43520 | D142: סימולציה | E142: מנהלי | F142: ללא נפגעים | G142: חד פעמי | H142: נהל עבודה | I142: עבודת ערב | J142: מאיץ4/מאיץ5 | K142: 3D | L142: תיק דחוף | M142: ללא | N142: שינוי נוהל קיים | O142: =IF(ISBLANK(D142),"",IF(D142='טבלת פרמטרים'!$A$9,1,0)+IF(E142='טבלת פרמטרים'!$B$5,2,1)+IF(F142='טבלת פרמטרים'!$C$5,3,IF(F142='טבלת פרמטרים'!$C$4,1,0))+IF(G142='טבלת פרמטרים'!$D$3,2,0)+IF(M142='טבלת פרמטרים'!$J$4,2,IF(M142='טבלת פרמטרים'!$J$3,1,0))+IF(N142='טבלת פרמטרים'!$K$6,3,IF(OR(N142='טבלת פרמטרים'!$K$4,N142='טבלת פרמטרים'!$K$5),2,IF(N142='טבלת פרמטרים'!$K$3,1,0)))) -> 3 | Q142: לא רלוונטי | R142: =IF(ISNUMBER(T142),T142+O142,O142) -> 3 | S142: =IF(EXACT(P142,'טבלת פרמטרים'!$M$2),'טבלת פרמטרים'!$N$2,IF(EXACT(P142,'טבלת פרמטרים'!$M$3),'טבלת פרמטרים'!$N$3,IF(EXACT(P142,'טבלת פרמטרים'!$M$4),'טבלת פרמטרים'!$N$4,IF(EXACT(P142,'טבלת פרמטרים'!$M$5),'טבלת פרמטרים'!$N$5,IF(EXACT(P142,'טבלת פרמטרים'!$M$6),'טבלת פרמטרים'!$N$6,IF(EXACT(P142,'טבלת פרמטרים'!$M$7),'טבלת פרמטרים'!$N$7,IF(EXACT(P142,'טבלת פרמטרים'!$M$8),'טבלת פרמטרים'!$N$8,IF(EXACT(P142,'טבלת פרמטרים'!$M$9),'טבלת פרמטרים'!$N$9,"")))))))) | T142: =IF(EXACT(Q142,'טבלת פרמטרים'!$O$2),'טבלת פרמטרים'!$P$2,IF(EXACT(Q142,'טבלת פרמטרים'!$O$3),'טבלת פרמטרים'!$P$3,IF(EXACT(Q142,'טבלת פרמטרים'!$O$4),'טבלת פרמטרים'!$P$4,IF(EXACT(Q142,'טבלת פרמטרים'!$O$5),'טבלת פרמטרים'!$P$5,IF(EXACT(Q142,'טבלת פרמטרים'!$O$6),'טבלת פרמטרים'!$P$6,IF(EXACT(Q142,'טבלת פרמטרים'!$O$7),'טבלת פרמטרים'!$P$7,"")))))) -> 0
...

Sheet Event summary
A1: ='Incident Reporting'!A1 -> מספר סידורי | B1: מילון מונחים | C1: תקציר מקרה | D1: מסקנות ישיבה | E1: תאריך ישיבת QI | F1: נוכחים | G1: דו"ח חיצוני | H1: מועד דיווח | I1: נשלח בתאריך
A2: ='Incident Reporting'!A2 -> 1
A3: ='Incident Reporting'!A3 -> 2
A4: ='Incident Reporting'!A4 -> 3
A5: ='Incident Reporting'!A5 -> 4
A6: ='Incident Reporting'!A6 -> 5
A7: ='Incident Reporting'!A7 -> 6
A8: ='Incident Reporting'!A8 -> 7
A9: ='Incident Reporting'!A9 -> 8
A10: ='Incident Reporting'!A10 -> 9
A11: ='Incident Reporting'!A11 -> 10
A12: ='Incident Reporting'!A12 -> 11
A13: ='Incident Reporting'!A13 -> 12
... A37: ='Incident Reporting'!A37 -> 36
A38: ='Incident Reporting'!A38 -> 37 | B38: היעדר תיעוד | C38: רישום לקוי, היעדר תיעוד במערכת ה-ARIA
A39: ='Incident Reporting'!A39 -> 38 | B39: תכנון שגוי | C39: תכנון שגוי - חישוב שגוי אלקטרונים
A40: ='Incident Reporting'!A40 -> 39 | B40: תכנון שגוי | C40: חפיפה בין השדות,
A41: ='Incident Reporting'!A41 -> 40 | B41: היעדר מרשם | C41: מתן טיפול בהיעדר מרשם, מתן טיפול עם מנה גבוהה מהרצוי
A42: ='Incident Reporting'!A42 -> 41 | B42: היעדר מרשם | C42: טיפול חוזר עם היעדר מרשם עדכני
A43: ='Incident Reporting'!A43 -> 42 | B43: מתן טיפול באופן שגוי | C43: טיפול בתוכנית של אדם אחר, סידור לקוי של מספר תכניות.
A44: ='Incident Reporting'!A44 -> 43 | B44: תיעוד לא תקין | C44: רישום אביזר לא נכון, טיפול נכון
A45: ='Incident Reporting'!A45 -> 44 | B45: היעדר צילומים | C45: תחילת טיפול ללא צילום, 2 טיפולים ראשונים
A46: ='Incident Reporting'!A46 -> 45 | B46: היעדר תיעוד | C46: היעדר תיעוד ורישום למרכזי הטיפול
A47: ='Incident Reporting'!A47 -> 46 | B47: אי עמידה בזמנים | C47: אי עמידה בזמנים, תיק לא מוכן
A48: ='Incident Reporting'!A48 -> 47 | B48: מתן טיפול באופן שגוי | C48: מתן שתי תכניות בו זמנית למרות הצורך בפיצולן
A49: ='Incident Reporting'!A49 -> 48 | B49: תקשורת לקויה | C49: היעדר העברת מידע על שינוי מרכז
... A101: ='Incident Reporting'!A101 -> 100 | B101: תכנון שגוי | C101: טיפול ברכי ברונכוס, קטטר נחתך - היה קצר מדי ולא ניתן לטפל
A102: ='Incident Reporting'!A102 -> 101
A103: ='Incident Reporting'!A103 -> 102
A104: ='Incident Reporting'!A104 -> 103
A105: ='Incident Reporting'!A105 -> 104 | B105: בעיות קיבוע | C105: בעיות קיבוע - אמצעי קיבוע פגום. לא ניתן היה להשכיב מטופל על מיטת SRS בסימוליצה עקב שינוי במתקן.
A106: ='Incident Reporting'!A106 -> 105
A107: ='Incident Reporting'!A107 -> 106
A108: ='Incident Reporting'!A108 -> 107
A109: ='Incident Reporting'!A109 -> 108
A110: ='Incident Reporting'!A110 -> 109
A111: ='Incident Reporting'!A111 -> 110
A112: ='Incident Reporting'!A112 -> 111
A113: ='Incident Reporting'!A113 -> 112
A114: ='Incident Reporting'!A114 -> 113
A115: ='Incident Reporting'!A115 -> 114
A116: ='Incident Reporting'!A116 -> 115
A117: ='Incident Reporting'!A117 -> 116
... A125: ='Incident Reporting'!A125 -> 125
A126: ='Incident Reporting'!A126 -> 126 | B126: תקשורת לקויה | C126: תקשורת לקויה - הכנסת מטופל ללא תאום מראש. הוכנסה סימולציה של SRS ללא תאום וזמינות הצוות.
A127: ='Incident Reporting'!A127 -> 127
A128: ='Incident Reporting'!A128 -> 128
A129: ='Incident Reporting'!A129 -> 129
A130: ='Incident Reporting'!A130 -> 130
A131: ='Incident Reporting'!A131 -> 131
A132: ='Incident Reporting'!A132 -> 132
A133: ='Incident Reporting'!A133 -> 133
A134: ='Incident Reporting'!A134 -> 134
A135: ='Incident Reporting'!A135 -> 135
A136: ='Incident Reporting'!A136 -> 136
A137: ='Incident Reporting'!A137 -> 137 | B137: תיעוד לא תקין | C137: תיעוד לא תקין - היעדר תיעוד במערכת ה-ARIA
A138: ='Incident Reporting'!A138 -> 138 | B138: שגיאה בזיהוי מטופל | C138: שגיאה בזיהוי מטופל - סריקה של מטופל של לימפומה צוואר. כאשר הסריקה נמשכה לאריה התגלה שבוצעה סריקה על שם המטופל הקודם
A139: ='Incident Reporting'!A139 -> 139 | B139: תיק ללא אישורים מספקים | C139: תיק ללא אישורים מספקים
A140: ='Incident Reporting'!A140 -> 140 | B140: מתן טיפול באופן שגוי | C140: מתן טיפול באופן שגוי - טיפול Gating עם גבולות הפוכים.
A141: ='Incident Reporting'!A141 -> 141 | B141: תכנון שגוי | C141: תכנון מספר פרקציות שגוי.
A142: ='Incident Reporting'!A142 -> 142 | B142: שגיאת Care Path | C142: שגיאת Care Path מנעה מהתיק להגיע לתכנון
A143: ='Incident Reporting'!A143 -> 143 | B143: תיעוד לא תקין | C143: תיעוד לא תקין - שם מרשם שגוי. עמוד שדרה לטיפול ב C4-C6, שם המרשם ל C3-C4.
A144: ='Incident Reporting'!A144 -> 144 | B144: עבודה שלא על פי הנוהל | C144: עבודה שלא על פי הנוהל - למטופל יש קוצב לב, אין להשתמש באנרגיות גבוהות
A145: ='Incident Reporting'!A145 -> 145 | B145: סימון שגוי | C145: סימון מוגזם. חתך בודד מרוחק של PTV נשאר לאחר מחיקה של רופא ונשאר לחישוב.
A146: ='Incident Reporting'!A146 -> 146 | B146: תיעוד לא תקין | C146: תיעוד לא תקין - שם מרשם שגוי. מרשם לריאה ימין תוכנן לריאה שמאל.
A147: ='Incident Reporting'!A147 -> 147 | B147: אי עמידה בזמנים | C147: תיק לא מוכן.
A148: ='Incident Reporting'!A148 -> 148 | B148: אי עמידה בזמנים | C148: תיק לא מוכן.
... A156: ='Incident Reporting'!A156 -> 156 | B156: בעיות קיבוע | C156: בעיות קיבוע - חוסר עקביות בהשכבת מטופלים.
A157: ='Incident Reporting'!A157 -> 157 | B157: מתן טיפול באופן שגוי | C157: מתן טיפול באופן שגוי - TBI ללא בולוס (מילר) ב PA. | D157: פיזיקאי יהי נוכח ב TBI
A158: ='Incident Reporting'!A158 -> 158 | B158: תכנון שגוי | C158: תכנון שגוי - תוכנן על CT ישן. | D158: דימה יבדוק אם אפשר להוסיף לשם של הסריקה באריה נתונים כגון תאריך.
A159: ='Incident Reporting'!A159 -> 159 | B159: מתן טיפול באופן שגוי | C159: מתן טיפול באופן שגוי - טיפול לא שימוש במנג'טה, התגלה בפרקציה 7. | D159: דימה וענת ינסו להתאים תמונות SETUP לתצוגה באריה
A160: ='Incident Reporting'!A160 -> 160 | B160: אי ביצוע הנחיה (מטופלים) | C160: מטופל הגיע לא במועד- מטופל SBRT הגיע יום אחרי לטיפול | D160: נייצר דו"ח טיפולים שיינתן למטופל בטיפול הראשון
A161: ='Incident Reporting'!A161 -> 161 | B161: אי עמידה בזמנים | C161: אי עמידה בזמנים - אין מועד תחילת טיפול | D161: רענון הנוהל
A162: ='Incident Reporting'!A162 -> 162 | B162: מתן טיפול באופן שגוי | C162: מתן טיפול באופן שגוי - מטופלת קבלה טיפול SBRT ללא Align-RT | D162: יש להוסיף patient alert ע"י הפיזיקאי המתכנן
A163: ='Incident Reporting'!A163 -> 163 | B163: תקשורת לקויה | C163: תקשורת לקויה - מטופל היגיע ל5 פרקציות מתוך 10. לא ידע שיש לו עוד 5 טיפולים | D163: נייצר דו"ח טיפולים שיינתן למטופל בטיפול הראשון
A164: ='Incident Reporting'!A164 -> 164 | B164: עבודה שלא על פי הנוהל | C164: עבודה שלא על פי הנוהל - מטופלת נשכחה בחדר המאיץ | D164: יש לגלות אחריות אישית - חידוד נוהל קיים.
A165: ='Incident Reporting'!A165 -> 165 | B165: סריקה לא תקינה | C165: סריקת CT לא תקינה - מטופל שוכב על הבטן, נסרק עם מאפיינים של שכיבה על הגב | D165: יש לבדוק את כל הפרמטרים לפני סריקת המטופל. חידוד נוהל קיים
A166: ='Incident Reporting'!A166 -> 166 | B166: שגיאת Care Path | C166: שגיאת care path. שימוש ב care path של 3D ולא פליאציה. תיק לא היה מוכן בזמן | D166: יש לוודא בסימולציה שהשדה והסימונים על אותה סריקה. שינוי שיטה של קביעת מרכז.
A167: ='Incident Reporting'!A167 -> 167 | B167: תיעוד לא תקין | C167: תיעוד לא תקין - הוזנו נתונים של מטופל אחר לקמליון עבור טיפול קונטקט. | D167: ענת תבדוק את פרטי המקרה מול הרנטגנאים. חידוד נוהל קיים.
A168: ='Incident Reporting'!A168 -> 168 | B168: תיעוד לא תקין | C168: תיעוד לא תקין - מרשם ברכי ובוסט בתוך note של מרשם אגן | D168: יש לכתוב מרשם לכל תוכנית. חידוד נוהל.
... A221: ='Incident Reporting'!A221 -> 221 | B221: תיעוד לא תקין | C221: תיעוד לא תקין - עבור המטופלת נכתב מרשם לפרוסטטה עם בלוטות. מהטופלת קיבלה טיפול לשלפוחית. | D221: יש להקפיד להתאים את המרשמים לכל מקרה ומקרה. להקפיד לשאול את הרופא בכל תהיה ושאלה לפני ביצוע התכנון. אין לשחרר תיקים עם מרשמים שאינם תקינים.
A222: 222 | B222: מתן טיפול באופן שגוי | C222: מתן טיפול באופן שגוי - מטופל TBI קיבל טיפול ללא בולוס (ספוילר). | D222: לאירוע אין משמעות קלינית והעור בטיפול כולו קיבל מנה של 11.7Gy במקום 12Gy המהווים תת מנה של 2.5% לעור עבור הטיפול כולו. יש להקפיד הקפדה ייתרה בפרוצדורות מיוחדות ובפרוצדורות אשר נעשות בתדירות נמוכה.
A223: 223 | B223: תכנון שגוי | C223: תכנון שגוי - מטופלת קיבלה 18 טיפולים במאיץ 4 באנרגיה 18MV למרות החלטה גורפת נגד השימוש באנרגיה זו למאיצים 4,5. | D223: האפשרות להקרין באנרגיה זו נסגרה עבור המאיצים 4 ו- 5.
A224: 224 | B224: סריקה לא תקינה | C224: סריקה לא תקינה - סריקה קצרה, הנפח של הגידול מגיע לקצה הסריקה | D224: יש להגדיר היטב את גודלי הסריקה והפרוטוקולים במהלך ישיבת הבוקר בסימולציה.
A225: 225 | B225: סריקה חוזרת | C225: סריקה חוזרת - מטופלת לבית חזה עשתה סימולציה חוזרת לאחר שלא יכלה לבצע נשימה עמוקה. קיבלה טיפול באלקטרונים לאחר סימולציה חוזרת. מברור המקרה, המטופלת פיתחה דלקת ריאות ולכן לא יכלה לבצע נשימה עמוקה. | D225: כללי ההתנהלות מול המטופלים וגם אנשי צוות אחרים הינן שאנו כצוות מגבים אחד את השני ומשתדלים לא להטיל אשמה. במקרים של טעות עלינו להביע צער ולמלא דו"ח למידה. במקרים שבהם יתכנו בעיות בסריקה של מטופלים על הרופא להיות נוכח בסימולציה לצורך ביצוע הסריקה. במקרים של סריקה חוזרת יש להעביר הנחיה כתובה על מהות הסריקה והסיבות לכך.
A226: 226 | B226: כמעט מתן טיפול ללא בקרת איכות | C226: כמעט מתן טיפול ללא בקרת איכות - בפרקציה שניה לטיפול SBRT הוחלף הטיפול מטיפול דינאמי לטיפול VMAT. המטופלת הורדה מהשולחן כיוון שלא בוצעה מדידה לתכנית. | D226: תיקי SBRT לא יגיעו לטיפול לפני RTTQA מסודר. RTTQA מסודר יעשה לאחר השלמת כל המשימות הקודמות בלבד. התאמה של Care Path לטיפולי SBRT/SRS.
A227: 227 | B227: תיעוד לא תקין | C227: תיעוד לא תקין - מטופל הפנה את תשומת הלב של הצוות במהלך הטיפול השלישי לקוצב הלב שלו ושאל אם צריך לבצע ECG. לא היה תיעוד לקיום הקוצב בתכנון הטיפול. | D227: תוסף משימה לבקרת איכות לבדיקת קיום קוצב. נכון להיום בנוהל הקיים יש לבצע ניתור בשלושת הטיפולים הראשונים. נוהל עבודה חדש בנושא קוצבי לב הובא למנהלי היחידה לצורך דיון ואשרור.
A228: 228 | B228: זימון תור לא מספק | C228: זימון תור לא מספק - טיפול SBRT הוגדר כפליאציה עם תור קצר. הסריקה לא הועברה לאריה לאחר ביצוע הסריקה. | D228: הוגדר מייל לשימוש הצוות לצורך שינויים בזימון תורים. המקרים בהם יש להשתמש במייל הינן: שינוי מספר מאיץ, ביצוע סימולציה חוזרת, שינוי מספר פרקציות ושינוי או ביטול מועד תחילת טיפול. המייל: BL2030421@clalit.org.il
A229: 229 | B229: סריקה לא תקינה | C229: סריקה לא תקינה - עיוותים בסריקת CT במכשיר GE. כנראה עקב תנועה לא יציבה של מיטת המכשיר. | D229: צוות הסימולציה והרופאים מתבקשים לשים לב ולהתריע על סריקות שאינן טובות ולבצע החלטה לגבי ההמשך. במקרה זה ניתן היה לחזור על הסריקה עם הסימולטור השני.
A230: 230 | B230: מתן טיפול באופן שגוי | C230: מתן טיפול באופן שגוי - בטיפול הראשון לשד עם ובלי בולוס, המטופלת קיבלה טיפול ללא בולוס על התכנית של הבולוס. | D230: יש להוריד פרקציה מהתכנית ללא בולוס ולהוסיף פרקציה לתכנית הבולוס ולטפל ע"פ התכנון. על הצוות לשמור על ערנות ולבחור את התכנית הנכונה לטיפול. בתכנון הטיפול יש לשייך את התכניות ב Plan Scheduling כך שרק התכנית הנכונה תפתח לטיפול.
A231: 231 | B231: תיעוד לא תקין | C231: תיעוד לא תקין - בסימולציה של SBRT לא שונה האונקולוג הראשי וה- Care Path לא שוייך לרופא הנכון. | D231: זימון תורים צריך לוודא שהרופא אליו הופנה הינו הרופא הנכון. במקרים של מטופלים דחופים תבוצע בדיקת שיוך ע"י הרנטגנאים בסימולציה. יש צורך לבטל רופאים שאינם קיימים יותר במערכת.
A232: 232 | B232: תיעוד לא תקין | C232: תיעוד לא תקין - מקרה של SRS תוכנן ללא מרשם כתוב. היתה רק הודעת Whatsapp. | D232: חל איסור לבצע תכנונים על בסיס הוראה מילולית. ישיבה של רופאים צריכה להתקיים ולדון באופן ביצוע תכנונים של SRS. רק הרופאים של הרדיותרפיה (רדיותרפיטים) רשאים לכתוב מרשמי קרינה. על כן אין לד"ר קנר הרשאה לחתום על מרשמים. הרופאים של היחידה צריכים להיות אקטיביים ומעורבים באופן התכנון של תיקי SRS.
A233: 233 | B233: מתן טיפול באופן שגוי | C233: מתן טיפול באופן שגוי - שגיאה בכיול מנה לאנרגיה 18MV עבור מאיצים 4 ו- 5. | D233: לא יעשה שימוש בקובץ חישוב ללא בדיקת הקובץ לשימוש קליני (Commissioning) באופן מסודר. מקרה זה דווח למשרד הבריאות וניהול סיכונים.
... A240: 240 | B240: תיעוד לא תקין | C240: תיעוד לא תקין - שם המרשם Retroperitoneal + Med עבור טיפול ב- Rt Lung. | D240: יש להקפיד על שם התכנית שתשקף את המרשם ואת הטיפול.
A241: 241
A242: 242 | B242: סימון שגוי | C242: סימון שגוי - סימון שלא לפי פרוטוקול וגם מרשם ללא הגבלות וצד. | D242: עבור פרוטוקולים קליניים ישנן דרישות מיוחדות הכוללת את צורת הסימון ושמות מוגדרים לאיברים המסומנים וכן הגבלות מיוחדות לאיברים אלו. בהעדר סימון מתאים והגבלות מתאימות המקרה לא יוכל להיכלל במחקר ויוחרג. בטיפולים בעלי צד כמו טיפולי ריאות אין להניח שהצד שתוכנן הינו הצד הרצוי. על כן, חייבים לציין במרשם, באיבר המסומן ובשם התכנית את צד הטיפול לצורך מניעה של טיפול לצד שגוי.
A243: 243 | B243: סריקה לא תקינה | C243: סריקה לא תקינה - במתקן שד נקבעו זויות שונות בין ימין לשמאל. סריקה שגויה בוצעה ב- 13/8/2020 | D243: יש להקפיד על בדיקה של אמצעי הקיבוע בטרם השימוש בו. יש להתאים את הפרמטרים לכל מטופל ולא להניח שהמתקן מכוון. מתקני שד חדשים הוזמנו לכל המאיצים והסימולציה.
A244: 244 | B244: סריקה לא תקינה | C244: סריקה לא תקינה - במתקן שד נקבעו זויות שונות בין ימין לשמאל. סריקה שגויה בוצעה ב- 13/8/2020 | D244: יש להקפיד על בדיקה של אמצעי הקיבוע בטרם השימוש בו. יש להתאים את הפרמטרים לכל מטופל ולא להניח שהמתקן מכוון. מתקני שד חדשים הוזמנו לכל המאיצים והסימולציה.
A245: 245 | B245: תיעוד לא תקין | C245: תיעוד לא תקין - רישום בקמליון ל- 4Gy x 5 בפועל קיבל 8Gy x 1. | D245: בוצע שינוי בנוהל העבודה.
A246: 246 | B246: תקשורת לקויה | C246: תקשורת לקויה - מטופלת הגיעה לסימון קליני עם אבן אישית. הייתה סריקה וניתן היה לתכנן מראש. ה Care Path היה של סימון קליני האבן לא הוכנה מראש והתיק לא הגיע לפיזיקה לתכנון. | D246: יש להקפיד על שימוש ב- Care Path מתאים. המרשם צריך להיכתב מראש ולפני השכבת המטופל על מיטת הטיפול. תווסף משימה ב Care Path לאבן אישית.
...

Sheet Taxonomy
A1: מילון מונחים | B1: שכיחות | D1: =SUM(B:B) -> 799 | E1: key word
A2: תיעוד לא תקין | B2: =COUNTIF('Event summary'!B:B,A2) -> 157 | C2: =IF(OR(ISBLANK($F$1),G2<>1),"",A2) | D2: =B2/$D$1 -> 0.19649562 | G2: =TYPE(SEARCH($F$1,A2)) -> 1
A3: תקשורת לקויה | B3: =COUNTIF('Event summary'!B:B,A3) -> 74 | C3: =IF(OR(ISBLANK($F$1),G3<>1),"",A3) | D3: =B3/$D$1 -> 0.09261577 | G3: =TYPE(SEARCH($F$1,A3)) -> 1
A4: מתן טיפול באופן שגוי | B4: =COUNTIF('Event summary'!B:B,A4) -> 69 | C4: =IF(OR(ISBLANK($F$1),G4<>1),"",A4) | D4: =B4/$D$1 -> 0.086357947 | G4: =TYPE(SEARCH($F$1,A4)) -> 1
A5: העברת מידע | B5: =COUNTIF('Event summary'!B:B,A5) -> 69 | C5: =IF(OR(ISBLANK($F$1),G5<>1),"",A5) | D5: =B5/$D$1 -> 0.086357947 | G5: =TYPE(SEARCH($F$1,A5)) -> 1
A6: סריקה לא תקינה | B6: =COUNTIF('Event summary'!B:B,A6) -> 53 | C6: =IF(OR(ISBLANK($F$1),G6<>1),"",A6) | D6: =B6/$D$1 -> 0.066332916 | G6: =TYPE(SEARCH($F$1,A6)) -> 1
A7: תכנון שגוי | B7: =COUNTIF('Event summary'!B:B,A7) -> 56 | C7: =IF(OR(ISBLANK($F$1),G7<>1),"",A7) | D7: =B7/$D$1 -> 0.07008761 | G7: =TYPE(SEARCH($F$1,A7)) -> 1
A8: אי עמידה בזמנים | B8: =COUNTIF('Event summary'!B:B,A8) -> 54 | C8: =IF(OR(ISBLANK($F$1),G8<>1),"",A8) | D8: =B8/$D$1 -> 0.067584481 | G8: =TYPE(SEARCH($F$1,A8)) -> 1
A9: היעדר תיעוד | B9: =COUNTIF('Event summary'!B:B,A9) -> 37 | C9: =IF(OR(ISBLANK($F$1),G9<>1),"",A9) | D9: =B9/$D$1 -> 0.046307885 | G9: =TYPE(SEARCH($F$1,A9)) -> 1
A10: עבודה שלא על פי הנוהל | B10: =COUNTIF('Event summary'!B:B,A10) -> 25 | C10: =IF(OR(ISBLANK($F$1),G10<>1),"",A10) | D10: =B10/$D$1 -> 0.031289111 | G10: =TYPE(SEARCH($F$1,A10)) -> 1
A11: כמעט ניתן טיפול שגוי | B11: =COUNTIF('Event summary'!B:B,A11) -> 22 | C11: =IF(OR(ISBLANK($F$1),G11<>1),"",A11) | D11: =B11/$D$1 -> 0.027534418 | G11: =TYPE(SEARCH($F$1,A11)) -> 1
A12: שגיאה בזיהוי מטופל | B12: =COUNTIF('Event summary'!B:B,A12) -> 19 | C12: =IF(OR(ISBLANK($F$1),G12<>1),"",A12) | D12: =B12/$D$1 -> 0.023779725 | G12: =TYPE(SEARCH($F$1,A12)) -> 1
A13: זימון תור לא מספק | B13: =COUNTIF('Event summary'!B:B,A13) -> 12 | C13: =IF(OR(ISBLANK($F$1),G13<>1),"",A13) | D13: =B13/$D$1 -> 0.015018773 | G13: =TYPE(SEARCH($F$1,A13)) -> 1
... A31: כמעט פגיעה במתקן | B31: =COUNTIF('Event summary'!B:B,A31) -> 6 | C31: =IF(OR(ISBLANK($F$1),G31<>1),"",A31) | D31: =B31/$D$1 -> 0.0075093867 | G31: =TYPE(SEARCH($F$1,A31)) -> 1
A32: חוסר בהבנת דרישות הטיפול | B32: =COUNTIF('Event summary'!B:B,A32) -> 4 | C32: =IF(OR(ISBLANK($F$1),G32<>1),"",A32) | D32: =B32/$D$1 -> 0.0050062578
A33: סריקה חוזרת | B33: =COUNTIF('Event summary'!B:B,A33) -> 3 | C33: =IF(OR(ISBLANK($F$1),G33<>1),"",A33) | D33: =B33/$D$1 -> 0.0037546934 | G33: =TYPE(SEARCH($F$1,A33)) -> 1
A34: מיקום לא ניתן לשחזור | B34: =COUNTIF('Event summary'!B:B,A34) -> 2 | C34: =IF(OR(ISBLANK($F$1),G34<>1),"",A34) | D34: =B34/$D$1 -> 0.0025031289 | G34: =TYPE(SEARCH($F$1,A34)) -> 1
A35: מתן טיפול ללא בקרת איכות | B35: =COUNTIF('Event summary'!B:B,A35) -> 2 | C35: =IF(OR(ISBLANK($F$1),G35<>1),"",A35) | D35: =B35/$D$1 -> 0.0025031289 | G35: =TYPE(SEARCH($F$1,A35)) -> 1
A36: כמעט שגיאה בזיהוי מטופל | B36: =COUNTIF('Event summary'!B:B,A36) -> 2 | C36: =IF(OR(ISBLANK($F$1),G36<>1),"",A36) | D36: =B36/$D$1 -> 0.0025031289 | G36: =TYPE(SEARCH($F$1,A36)) -> 1
A37: פגיעה במתקן | B37: =COUNTIF('Event summary'!B:B,A37) -> 3 | C37: =IF(OR(ISBLANK($F$1),G37<>1),"",A37) | D37: =B37/$D$1 -> 0.0037546934
A38: נוהל חסר | B38: =COUNTIF('Event summary'!B:B,A38) -> 2 | C38: =IF(OR(ISBLANK($F$1),G38<>1),"",A38) | D38: =B38/$D$1 -> 0.0025031289
A39: כמעט מתן טיפול ללא בקרת איכות | B39: =COUNTIF('Event summary'!B:B,A39) -> 1 | C39: =IF(OR(ISBLANK($F$1),G39<>1),"",A39) | D39: =B39/$D$1 -> 0.0012515645 | G39: =TYPE(SEARCH($F$1,A39)) -> 1
A40: חוסר יעילות בעבודה | B40: =COUNTIF('Event summary'!B:B,A40) -> 3 | C40: =IF(OR(ISBLANK($F$1),G40<>1),"",A40) | D40: =B40/$D$1 -> 0.0037546934
A41: תגובה טוקסית של מטופל | B41: =COUNTIF('Event summary'!B:B,A41) -> 1 | C41: =IF(OR(ISBLANK($F$1),G41<>1),"",A41) | D41: =B41/$D$1 -> 0.0012515645

Sheet טבלת פרמטרים
A1: שלב | B1: סוג פגיעה | C1: אופי הפגיעה | D1: תדירות הפגיעה | E1: פגיעה עקרית | F1: מועד פגיעה | G1: סוג מתקן | H1: שיטת טיפול | I1: דחיפות טיפול | J1: פרמטרים תומכים | K1: מסקנות | M1: חומרה רפואית | N1: ערך | O1: חומרה דוזימטרית | P1: ערך
A2: קבלה | B2: מנהלי | C2: מנהלי | D2: חד פעמי | E2: תקלה טכנית | F2: עבודת בוקר | G2: סימולציה | H2: 3D | I2: תיק דחוף | J2: ללא | K2: ללא שינוי | M2: לא נפגע | N2: 0 | O2: לא רלוונטי | P2: 0
A3: סימולציה | B3: מקרה בטיחות | C3: ללא נפגעים | D3: רב פעמי | E3: טעות אנוש | F3: עבודת ערב | G3: מאיץ1/מאיץ2 | H3: ברכיתרפיה | I3: תיק מהיר | J3: פרמטר יחיד | K3: חידוד נהל קיים | M3: תופעת לוואי חולפת ללא התערבות רפואית | N3: 1 | O3: שוני במנה אבסולוטית מהמרשם קטן מ- 5% לכל איבר | P3: 1
A4: סימון | B4: כמעט נפגע | C4: נפגע יחיד | E4: תרבות עבודה | G4: מאיץ3 | H4: IMRT | I4: תיק רגיל | J4: יותר מפרמטר אחד | K4: שינוי נוהל קיים | M4: תופעת לוואי חולפת עם התערבות רפואית | N4: 2 | O4: שוני במנה אבסולוטית מהמרשם בין 5% ל- 10% לכל איבר | P4: 4
A5: מרשם | B5: נפגע | C5: נפגעים מרובים | E5: תקשורת | G5: מאיץ4/מאיץ5 | H5: SBRT | I5: לא ישים | K5: נהל חדש | M5: תופעת לוואי חולפת משמעותית | N5: 4 | O5: שוני במנה אבסולוטית מהמרשם בין 10% ל- 25% לכל איבר | P5: 6
A6: תכנון | E6: נהל עבודה | G6: טיפול מגע | H6: SRS\SRT | K6: המשך חקירת ארוע | M6: נכות קבועה קלה | N6: 6 | O6: שוני במנה אבסולוטית מהמרשם בין 25% ל- 100% לכל איבר | P6: 8
A7: בקרת איכות | E7: אחר | G7: טיפול תוך ניתוחי | H7: TBI\TLI | M7: נכות קבועה קשה | N7: 7 | O7: שוני במנה אבסולוטית מהמרשם שווה או גדול מ- 100% לכל איבר | P7: 10
A8: לפני טיפול | G8: פלאק | H8: TSI | M8: אירוע מסכן חיים | N8: 9
A9: מהלך טיפול | G9: ברכיתרפיה | H9: סימון קליני | M9: מוות מוקדם | N9: 10
A10: מעקב | G10: חדר אחות | H10: טיפול מגע
A11: אחר | G11: חדר רופא | H11: אחר
G12: אזור קבלה ומסדרון
G13: לא ישים
A14: =COUNTIF(A1:A13,"*")-1 -> 10 | B14: =COUNTIF(B1:B13,"*")-1 -> 4 | C14: =COUNTIF(C1:C13,"*")-1 -> 4 | D14: =COUNTIF(D1:D13,"*")-1 -> 2 | E14: =COUNTIF(E1:E13,"*")-1 -> 6 | F14: =COUNTIF(F1:F13,"*")-1 -> 2 | G14: =COUNTIF(G1:G13,"*")-1 -> 12 | H14: =COUNTIF(H1:H13,"*")-1 -> 10 | ... K14: =COUNTIF(K1:K13,"*")-1 -> 5 | M14: =COUNTIF(M1:M13,"*")-1 -> 8 | O14: =COUNTIF(O1:O13,"*")-1 -> 6
A16: Reception | B16: Unsafe condition | C16: No injury | D16: One time event | E16: Technical error | G16: Simulation | H16: 3D | I16: Emergent Tx | J16: None | K16: No change
A17: Simulation | B17: Near miss | C17: Injury of single patient | D17: Repeated event | E17: Human error | G17: Linac 1 or 2 | H17: Brachytherapy | I17: Urgent Tx (1-3 days) | J17: Single factor | K17: Clarification/ reinforcement of policy
A18: Countouring | B18: Happened to patinet | C18: Multiple patients injured | E18: Work culture | G18: Linac 3 | H18: IMRT | I18: Routine Tx | J18: Multiple factors | K18: Change in existing policy
A19: Prescription | E19: Communication | G19: Linac 4 or 5 | H19: SBRT | I19: NA | K19: Write new policy
A20: Planning | E20: Work proccedure | G20: Contact Tx | H20: SRS\SRT | K20: Continue investigation
A21: Quality Check | E21: Other | G21: Intraoperative Tx | H21: TSET
A22: Before Tx | G22: Plaque | H22: Clinical setup
A23: During Tx | G23: Brachytherapy | H23: Other
A24: Follow up | G24: Nurses Area
A25: Other | G25: Physician area
G26: Recption and corridors
G27: None
A30: סוג פגיעה | G30: סוג מתקן | M30: מילון מושגים
A31: לא נפגע | B31: מנהלי | G31: סימולטור | M31: צד לא נכון
B32: מקרה בטיחות | G32: מכשירי טיפול | M32: מקום אנטומי (חוץ מצד) לא נכון
B33: כמעט נפגע | G33: ברכיתרפיה | M33: מטופל לא נכון או מידע של מטופל לא נכון
B34: שגיאה מינורית/ ללא שגיאה | G34: מכון קרינה - אחר | M34: שגיאה במינון מרשם, במנה יומית ו/או חישוב שלא ע"פ פרוטוקול
A35: נפגע | B35: שגיאה חמורה | G35: לא ישים | M35: שגיאה בהשכבת מטופל
M36: שגיאה בסימון, סימון חסר של מטרון ואיברים בסיכון
M37: אביזר טיפול שגוי,חסר, לא נכון, לא מסומן נכון או תקול
M38: שגיאת תכנון טיפול
M39: הערכת תכנית טיפול שאינה עומדת בדרישות
M40: לא ניתן לבצע תוכנית טיפול
M41: סריקה לא תקינה
M42: אי עמידה בזמנים
M43: החלטה שגויה
M45: הדמיה כשלון לעשות לפי הנחיות | O45: Decision-making suboptimal or made on clinical information which is insufficient or incorrect
M46: טעות בחמרה או תכנה | O46: Coordination with other health care providers inadequate
M47: המטעת קרן לא מכוון | O47: Delay/issue in workflow or error in RT scheduling
M48: לא מספיק מידע קליני שיכול להשפיע החלטה טיפולי | O48: Fall, patient injury, or acute medical event
M49: בעיות בגישה לטיפול | O49: Other
M50: אי-נוחות או דחיה למטופל
M51: תאום טיפול מודליות משולבת לא מספיק
M52: טעות בקביעת תור לקרינה
M53: נפילה, נזק למטופל או ביעה רפואי
M54: אחר
M56: Text
M57: Laterality incorrect
M58: Anatomical site (excluding laterality) incorrect
M59: Patient incorrect
M60: Patient position, setup point, treatment isocenter, or shift change incorrect
M61: Treatment accessories: incorrect, missing, mislabeled, misused or damaged
M62: Prescription, dose, fractionation incorrect or not matching physician intent
... M77: Other

Sheet Results
C1: 10 | D1: 4 | E1: 3 | F1: 2 | G1: 6 | H1: 2 | I1: 12 | J1: 8 | K1: 4 | L1: 3 | M1: 5
C2: ='טבלת פרמטרים'!A1 -> שלב | D2: ='טבלת פרמטרים'!B1 -> סוג פגיעה | E2: ='טבלת פרמטרים'!C1 -> אופי הפגיעה | F2: ='טבלת פרמטרים'!D1 -> תדירות הפגיעה | G2: ='טבלת פרמטרים'!E1 -> פגיעה עקרית | H2: ='טבלת פרמטרים'!F1 -> מועד פגיעה | I2: ='טבלת פרמטרים'!G1 -> סוג מתקן | J2: ='טבלת פרמטרים'!H1 -> שיטת טיפול | ... M2: ='טבלת פרמטרים'!K1 -> מסקנות | S2: שלב בו הארוע קרה | T2: סוג פגיעה | U2: אופי הפגיעה | V2: תדירות הפגיעה | W2: פגיעה עקרית | X2: מועד פגיעה | Y2: סוג מתקן | Z2: שיטת טיפול | AA2: דחיפות טיפול | AB2: פרמטרים תומכים | AC2: מסקנות
B3: 1 | C3: =COUNTIF('Incident Reporting'!D:D,'טבלת פרמטרים'!A2) -> 129 | D3: =COUNTIF('Incident Reporting'!E:E,'טבלת פרמטרים'!B2) -> 273 | E3: =COUNTIF('Incident Reporting'!F:F,'טבלת פרמטרים'!C3) -> 705 | F3: =COUNTIF('Incident Reporting'!G:G,'טבלת פרמטרים'!D2) -> 777 | G3: =COUNTIF('Incident Reporting'!H:H,'טבלת פרמטרים'!E2) -> 29 | H3: =COUNTIF('Incident Reporting'!I:I,'טבלת פרמטרים'!F2) -> 353 | I3: =COUNTIF('Incident Reporting'!J:J,'טבלת פרמטרים'!G2) -> 141 | J3: =COUNTIF('Incident Reporting'!K:K,'טבלת פרמטרים'!H2) -> 186 | K3: =COUNTIF('Incident Reporting'!L:L,'טבלת פרמטרים'!I2) -> 94 | L3: =COUNTIF('Incident Reporting'!M:M,'טבלת פרמטרים'!J2) -> 223 | M3: =COUNTIF('Incident Reporting'!N:N,'טבלת פרמטרים'!K2) -> 63 | R3: 1 | S3: =C3/C$16 -> 0.14827586 | T3: =D3/D$16 -> 0.31487889 | U3: =E3/E$16 -> 0.8150289 | V3: =F3/F$16 -> 0.89930556 | W3: =G3/G$16 -> 0.033487298 | X3: =H3/H$16 -> 0.74788136 | Y3: =I3/I$16 -> 0.23190789 | Z3: =J3/J$16 -> 0.3315508 | ... AC3: =M3/M$16 -> 0.086065574
B4: 2 | C4: =COUNTIF('Incident Reporting'!D:D,'טבלת פרמטרים'!A3) -> 156 | D4: =COUNTIF('Incident Reporting'!E:E,'טבלת פרמטרים'!B3) -> 313 | E4: =COUNTIF('Incident Reporting'!F:F,'טבלת פרמטרים'!C4) -> 150 | F4: =COUNTIF('Incident Reporting'!G:G,'טבלת פרמטרים'!D3) -> 87 | G4: =COUNTIF('Incident Reporting'!H:H,'טבלת פרמטרים'!E3) -> 233 | H4: =COUNTIF('Incident Reporting'!I:I,'טבלת פרמטרים'!F3) -> 119 | I4: =COUNTIF('Incident Reporting'!J:J,'טבלת פרמטרים'!G3) -> 148 | J4: =COUNTIF('Incident Reporting'!K:K,'טבלת פרמטרים'!H3) -> 24 | K4: =COUNTIF('Incident Reporting'!L:L,'טבלת פרמטרים'!I3) -> 75 | L4: =COUNTIF('Incident Reporting'!M:M,'טבלת פרמטרים'!J3) -> 327 | M4: =COUNTIF('Incident Reporting'!N:N,'טבלת פרמטרים'!K3) -> 385 | R4: 2 | S4: =C4/C$16 -> 0.17931034 | T4: =D4/D$16 -> 0.36101499 | U4: =E4/E$16 -> 0.1734104 | V4: =F4/F$16 -> 0.10069444 | W4: =G4/G$16 -> 0.26905312 | X4: =H4/H$16 -> 0.25211864 | Y4: =I4/I$16 -> 0.24342105 | Z4: =J4/J$16 -> 0.042780749 | ... AC4: =M4/M$16 -> 0.52595628
B5: 3 | C5: =COUNTIF('Incident Reporting'!D:D,'טבלת פרמטרים'!A4) -> 30 | D5: =COUNTIF('Incident Reporting'!E:E,'טבלת פרמטרים'!B4) -> 143 | E5: =COUNTIF('Incident Reporting'!F:F,'טבלת פרמטרים'!C5) -> 10 | G5: =COUNTIF('Incident Reporting'!H:H,'טבלת פרמטרים'!E4) -> 275 | I5: =COUNTIF('Incident Reporting'!J:J,'טבלת פרמטרים'!G4) -> 39 | J5: =COUNTIF('Incident Reporting'!K:K,'טבלת פרמטרים'!H4) -> 155 | K5: =COUNTIF('Incident Reporting'!L:L,'טבלת פרמטרים'!I4) -> 444 | L5: =COUNTIF('Incident Reporting'!M:M,'טבלת פרמטרים'!J4) -> 287 | M5: =COUNTIF('Incident Reporting'!N:N,'טבלת פרמטרים'!K4) -> 213 | R5: 3 | S5: =C5/C$16 -> 0.034482759 | T5: =D5/D$16 -> 0.16493656 | U5: =E5/E$16 -> 0.011560694 | W5: =G5/G$16 -> 0.31755196 | Y5: =I5/I$16 -> 0.064144737 | Z5: =J5/J$16 -> 0.27629234 | AA5: =K5/K$16 -> 0.71382637 | AB5: =L5/L$16 -> 0.34289128 | AC5: =M5/M$16 -> 0.29098361
B6: 4 | C6: =COUNTIF('Incident Reporting'!D:D,'טבלת פרמטרים'!A5) -> 78 | D6: =COUNTIF('Incident Reporting'!E:E,'טבלת פרמטרים'!B5) -> 138 | G6: =COUNTIF('Incident Reporting'!H:H,'טבלת פרמטרים'!E5) -> 194 | I6: =COUNTIF('Incident Reporting'!J:J,'טבלת פרמטרים'!G5) -> 129 | J6: =COUNTIF('Incident Reporting'!K:K,'טבלת פרמטרים'!H5) -> 116 | K6: =COUNTIF('Incident Reporting'!L:L,'טבלת פרמטרים'!I5) -> 9 | M6: =COUNTIF('Incident Reporting'!N:N,'טבלת פרמטרים'!K5) -> 55 | R6: 4 | S6: =C6/C$16 -> 0.089655172 | T6: =D6/D$16 -> 0.15916955 | W6: =G6/G$16 -> 0.22401848 | Y6: =I6/I$16 -> 0.21217105 | Z6: =J6/J$16 -> 0.20677362 | AA6: =K6/K$16 -> 0.014469453 | AC6: =M6/M$16 -> 0.075136612
B7: 5 | C7: =COUNTIF('Incident Reporting'!D:D,'טבלת פרמטרים'!A6) -> 50 | G7: =COUNTIF('Incident Reporting'!H:H,'טבלת פרמטרים'!E6) -> 124 | I7: =COUNTIF('Incident Reporting'!J:J,'טבלת פרמטרים'!G6) -> 15 | J7: =COUNTIF('Incident Reporting'!K:K,'טבלת פרמטרים'!H6) -> 40 | M7: =COUNTIF('Incident Reporting'!N:N,'טבלת פרמטרים'!K6) -> 16 | R7: 5 | S7: =C7/C$16 -> 0.057471264 | W7: =G7/G$16 -> 0.14318707 | Y7: =I7/I$16 -> 0.024671053 | Z7: =J7/J$16 -> 0.071301248 | AC7: =M7/M$16 -> 0.021857923
B8: 6 | C8: =COUNTIF('Incident Reporting'!D:D,'טבלת פרמטרים'!A7) -> 64 | G8: =COUNTIF('Incident Reporting'!H:H,'טבלת פרמטרים'!E7) -> 11 | I8: =COUNTIF('Incident Reporting'!J:J,'טבלת פרמטרים'!G7) -> 1 | J8: =COUNTIF('Incident Reporting'!K:K,'טבלת פרמטרים'!H8) -> 5 | R8: 6 | S8: =C8/C$16 -> 0.073563218 | W8: =G8/G$16 -> 0.012702079 | Y8: =I8/I$16 -> 0.0016447368 | Z8: =J8/J$16 -> 0.008912656
B9: 7 | C9: =COUNTIF('Incident Reporting'!D:D,'טבלת פרמטרים'!A8) -> 95 | I9: =COUNTIF('Incident Reporting'!J:J,'טבלת פרמטרים'!G8) -> 0 | J9: =COUNTIF('Incident Reporting'!K:K,'טבלת פרמטרים'!H9) -> 20 | R9: 7 | S9: =C9/C$16 -> 0.1091954 | Y9: =I9/I$16 -> 0 | Z9: =J9/J$16 -> 0.035650624
B10: 8 | C10: =COUNTIF('Incident Reporting'!D:D,'טבלת פרמטרים'!A9) -> 235 | I10: =COUNTIF('Incident Reporting'!J:J,'טבלת פרמטרים'!G9) -> 21 | J10: =COUNTIF('Incident Reporting'!K:K,'טבלת פרמטרים'!H10) -> 15 | R10: 8 | S10: =C10/C$16 -> 0.27011494 | Y10: =I10/I$16 -> 0.034539474 | Z10: =J10/J$16 -> 0.026737968
B11: 9 | C11: =COUNTIF('Incident Reporting'!D:D,'טבלת פרמטרים'!A10) -> 12 | I11: =COUNTIF('Incident Reporting'!J:J,'טבלת פרמטרים'!G10) -> 16 | R11: 9 | S11: =C11/C$16 -> 0.013793103 | Y11: =I11/I$16 -> 0.026315789
B12: 10 | C12: =COUNTIF('Incident Reporting'!D:D,'טבלת פרמטרים'!A11) -> 21 | I12: =COUNTIF('Incident Reporting'!J:J,'טבלת פרמטרים'!G11) -> 34 | R12: 10 | S12: =C12/C$16 -> 0.024137931 | Y12: =I12/I$16 -> 0.055921053
B13: 11 | I13: =COUNTIF('Incident Reporting'!J:J,'טבלת פרמטרים'!G12) -> 30 | R13: 11 | Y13: =I13/I$16 -> 0.049342105
B14: 12 | I14: =COUNTIF('Incident Reporting'!J:J,'טבלת פרמטרים'!G13) -> 34 | R14: 12 | Y14: =I14/I$16 -> 0.055921053
C16: =SUM(C3:C14) -> 870 | D16: =SUM(D3:D14) -> 867 | E16: =SUM(E3:E14) -> 865 | F16: =SUM(F3:F14) -> 864 | G16: =SUM(G3:G14) -> 866 | H16: =SUM(H3:H14) -> 472 | I16: =SUM(I3:I14) -> 608 | J16: =SUM(J3:J14) -> 561 | ... M16: =SUM(M3:M14) -> 732

Sheet results new
B2: date | C2: #of reports | D2: sum | H2: שנה | I2: ממוצע דיווחים לרבעון | J2: מספר דיווחים לשנה | L2: חומרת דיווח מלא
A3: Jan | B3: 42005 | C3: 5 | D3: =SUM(C3:C5) -> 6 | E3: =SUM(C3:C14) -> 17 | F3: 1Q15 | G3: =D3 -> 6 | H3: 2015 | I3: =AVERAGE(G3:G6) -> 4.25 | J3: =E3 -> 17 | L3: ערך | M3: שכיחות | N3: product
A4: Feb | B4: 42037 | C4: 0 | F4: 2Q15 | G4: =D6 -> 3 | H4: 2016 | I4: =AVERAGE(G7:G10) -> 2 | J4: =E15 -> 8 | L4: 1 | M4: =COUNTIF('Incident Reporting'!O:O,'results new'!L4) -> 44 | N4: =L4*M4 -> 44 | O4: =SUM(N4:N16)/SUM(M4:M16) -> 3.9850575
A5: Mar | B5: 42069 | C5: 1 | F5: 3Q15 | G5: =D9 -> 5 | H5: 2017 | I5: =AVERAGE(G11:G14) -> 5.75 | J5: =E27 -> 23 | L5: 2 | M5: =COUNTIF('Incident Reporting'!O:O,'results new'!L5) -> 133 | N5: =L5*M5 -> 266
A6: Apr | B6: 42101 | C6: 1 | D6: =SUM(C6:C8) -> 3 | F6: 4Q15 | G6: =D12 -> 3 | H6: 2018 | I6: =AVERAGE(G15:G18) -> 15 | J6: =E39 -> 60 | L6: 3 | M6: =COUNTIF('Incident Reporting'!O:O,'results new'!L6) -> 235 | N6: =L6*M6 -> 705
A7: May | B7: 42133 | C7: 0 | F7: 1Q16 | G7: =D15 -> 0 | H7: 2019 | I7: =AVERAGE(G19:G22) -> 17 | J7: =E51 -> 68 | L7: 4 | M7: =COUNTIF('Incident Reporting'!O:O,'results new'!L7) -> 183 | N7: =L7*M7 -> 732
A8: Jun | B8: 42165 | C8: 2 | F8: 2Q16 | G8: =D18 -> 4 | H8: 2020 | I8: =AVERAGE(G23:G26) -> 13 | J8: =E63 -> 52 | L8: 5 | M8: =COUNTIF('Incident Reporting'!O:O,'results new'!L8) -> 119 | N8: =L8*M8 -> 595
A9: Jul | B9: 42197 | C9: 2 | D9: =SUM(C9:C11) -> 5 | F9: 3Q16 | G9: =D21 -> 2 | H9: 2021 | I9: =AVERAGE(G27:G30) -> 22.5 | J9: =E75 -> 90 | L9: 6 | M9: =COUNTIF('Incident Reporting'!O:O,'results new'!L9) -> 64 | N9: =L9*M9 -> 384
A10: Aug | B10: 42229 | C10: 1 | F10: 4Q16 | G10: =D24 -> 2 | H10: 2022 | I10: =AVERAGE(G31:G34) -> 32 | J10: =E87 -> 128 | L10: 7 | M10: =COUNTIF('Incident Reporting'!O:O,'results new'!L10) -> 32 | N10: =L10*M10 -> 224
A11: Sep | B11: 42261 | C11: 2 | F11: 1Q17 | G11: =D27 -> 2 | H11: 2023 | I11: =AVERAGE(G35:G38) -> 22.5 | J11: =E99 -> 90 | L11: 8 | M11: =COUNTIF('Incident Reporting'!O:O,'results new'!L11) -> 33 | N11: =L11*M11 -> 264
A12: Oct | B12: 42293 | C12: 2 | D12: =SUM(C12:C14) -> 3 | F12: 2Q17 | G12: =D30 -> 10 | H12: 2024 | I12: =AVERAGE(G43:G46) -> 32.25 | J12: =E111 -> 115 | K12: =AVERAGE(I9:I13) -> 29 | L12: 9 | M12: =COUNTIF('Incident Reporting'!O:O,'results new'!L12) -> 18 | N12: =L12*M12 -> 162
A13: Nov | B13: 42325 | C13: 1 | F13: 3Q17 | G13: =D33 -> 1 | H13: 2025 | I13: =AVERAGE(G40:G43) -> 35.75 | J13: =E123 -> 129 | L13: 10 | M13: =COUNTIF('Incident Reporting'!O:O,'results new'!L13) -> 8 | N13: =L13*M13 -> 80
A14: Dec | B14: 42357 | C14: 0 | F14: 4Q17 | G14: =D36 -> 10 | L14: 11 | M14: =COUNTIF('Incident Reporting'!O:O,'results new'!L14) -> 1 | N14: =L14*M14 -> 11
B15: 42389 | C15: 0 | D15: =SUM(C15:C17) -> 0 | E15: =SUM(C15:C26) -> 8 | F15: 1Q18 | G15: =D39 -> 17 | L15: 12 | M15: =COUNTIF('Incident Reporting'!O:O,'results new'!L15) -> 0 | N15: =L15*M15 -> 0
B16: 42421 | C16: 0 | F16: 2Q18 | G16: =D42 -> 15 | L16: 13 | M16: =COUNTIF('Incident Reporting'!O:O,'results new'!L16) -> 0 | N16: =L16*M16 -> 0
B17: 42453 | C17: 0 | F17: 3Q18 | G17: =D45 -> 14
B18: 42485 | C18: 1 | D18: =SUM(C18:C20) -> 4 | F18: 4Q18 | G18: =D48 -> 14 | L18: חומרה כוללת מלא
B19: 42517 | C19: 1 | F19: 1Q19 | G19: =D51 -> 25 | L19: ערך | M19: שכיחות | N19: product
B20: 42549 | C20: 2 | F20: 2Q19 | G20: 13 | L20: 1 | M20: =COUNTIF('Incident Reporting'!R:R,'results new'!L20) -> 44 | N20: =L20*M20 -> 44 | O20: =SUM(N20:N52)/SUM(M20:M52) -> 4.2
B21: 42581 | C21: 2 | D21: =SUM(C21:C23) -> 2 | F21: 3Q19 | G21: 20 | L21: 2 | M21: =COUNTIF('Incident Reporting'!R:R,'results new'!L21) -> 133 | N21: =L21*M21 -> 266
B22: 42613 | C22: 0 | F22: 4Q19 | G22: 10 | L22: 3 | M22: =COUNTIF('Incident Reporting'!R:R,'results new'!L22) -> 235 | N22: =L22*M22 -> 705
B23: 42614 | C23: 0 | F23: 1Q20 | G23: 17 | L23: 4 | M23: =COUNTIF('Incident Reporting'!R:R,'results new'!L23) -> 180 | N23: =L23*M23 -> 720
B24: 42645 | C24: 1 | D24: =SUM(C24:C26) -> 2 | F24: 2Q20 | G24: 10 | L24: 5 | M24: =COUNTIF('Incident Reporting'!R:R,'results new'!L24) -> 117 | N24: =L24*M24 -> 585
B25: 42677 | C25: 1 | F25: 3Q20 | G25: 15 | L25: 6 | M25: =COUNTIF('Incident Reporting'!R:R,'results new'!L25) -> 51 | N25: =L25*M25 -> 306
B26: 42709 | C26: 0 | F26: 4Q20 | G26: 10 | L26: 7 | M26: =COUNTIF('Incident Reporting'!R:R,'results new'!L26) -> 36 | N26: =L26*M26 -> 252
B27: 42741 | C27: 1 | D27: =SUM(C27:C29) -> 2 | E27: =SUM(C27:C38) -> 23 | F27: 1Q21 | G27: 23 | L27: 8 | M27: =COUNTIF('Incident Reporting'!R:R,'results new'!L27) -> 19 | N27: =L27*M27 -> 152
B28: 42773 | C28: 0 | F28: 2Q21 | G28: 23 | L28: 9 | M28: =COUNTIF('Incident Reporting'!R:R,'results new'!L28) -> 23 | N28: =L28*M28 -> 207
B29: 42805 | C29: 1 | F29: 3Q21 | G29: 20 | L29: 10 | M29: =COUNTIF('Incident Reporting'!R:R,'results new'!L29) -> 10 | N29: =L29*M29 -> 100
B30: 42837 | C30: 2 | D30: =SUM(C30:C32) -> 10 | F30: 4Q21 | G30: =D84 -> 24 | L30: 11 | M30: =COUNTIF('Incident Reporting'!R:R,'results new'!L30) -> 1 | N30: =L30*M30 -> 11
B31: 42869 | C31: 2 | F31: 1Q22 | G31: =D87 -> 44 | L31: 12 | M31: =COUNTIF('Incident Reporting'!R:R,'results new'!L31) -> 5 | N31: =L31*M31 -> 60
B32: 42901 | C32: 6 | F32: 2Q22 | G32: =D90 -> 33 | L32: 13 | M32: =COUNTIF('Incident Reporting'!R:R,'results new'!L32) -> 3 | N32: =L32*M32 -> 39
B33: 42933 | C33: 1 | D33: =SUM(C33:C35) -> 1 | F33: 3Q22 | G33: =D93 -> 25 | L33: 14 | M33: =COUNTIF('Incident Reporting'!R:R,'results new'!L33) -> 5 | N33: =L33*M33 -> 70
B34: 42965 | C34: 0 | F34: 4Q22 | G34: =D96 -> 26 | L34: 15 | M34: =COUNTIF('Incident Reporting'!R:R,'results new'!L34) -> 1 | N34: =L34*M34 -> 15
B35: 42997 | C35: 0 | F35: 1Q23 | G35: =D99 -> 27 | L35: 16 | M35: =COUNTIF('Incident Reporting'!R:R,'results new'!L35) -> 2 | N35: =L35*M35 -> 32
B36: 43029 | C36: 5 | D36: =SUM(C36:C38) -> 10 | F36: 2Q23 | G36: =D102 -> 24 | L36: 17 | M36: =COUNTIF('Incident Reporting'!R:R,'results new'!L36) -> 1 | N36: =L36*M36 -> 17
B37: 43061 | C37: 2 | F37: 3Q23 | G37: =D105 -> 26 | L37: 18 | M37: =COUNTIF('Incident Reporting'!R:R,'results new'!L37) -> 3 | N37: =L37*M37 -> 54
B38: 43093 | C38: 3 | F38: 4Q23 | G38: =D108 -> 13 | L38: 19 | M38: =COUNTIF('Incident Reporting'!R:R,'results new'!L38) -> 1 | N38: =L38*M38 -> 19
B39: 43125 | C39: 6 | D39: =SUM(C39:C41) -> 17 | E39: =SUM(C39:C50) -> 60 | F39: 1Q24 | G39: =D111 -> 17 | L39: 20 | M39: =COUNTIF('Incident Reporting'!R:R,'results new'!L39) -> 0 | N39: =L39*M39 -> 0
B40: 43157 | C40: 6 | F40: 2Q24 | G40: =D114 -> 28 | L40: 21 | M40: =COUNTIF('Incident Reporting'!R:R,'results new'!L40) -> 0 | N40: =L40*M40 -> 0
B41: 43189 | C41: 5 | F41: 3Q24 | G41: =D117 -> 41 | L41: 22 | M41: =COUNTIF('Incident Reporting'!R:R,'results new'!L41) -> 0 | N41: =L41*M41 -> 0
B42: 43191 | C42: 1 | D42: =SUM(C42:C44) -> 15 | F42: 4Q24 | G42: =D120 -> 29 | L42: 23 | M42: =COUNTIF('Incident Reporting'!R:R,'results new'!L42) -> 0 | N42: =L42*M42 -> 0
B43: 43221 | C43: 4 | F43: 1Q25 | G43: =D123 -> 45
B44: 43252 | C44: 10 | F44: 2Q25 | G44: =D126 -> 42
B45: 43282 | C45: 3 | D45: =SUM(C45:C47) -> 14 | F45: 3Q25 | G45: =D129 -> 21
B46: 43313 | C46: 6 | F46: 4Q25 | G46: =D132 -> 21
B47: 43344 | C47: 5
B48: 43374 | C48: 4 | D48: =SUM(C48:C50) -> 14
B49: 43405 | C49: 3
B50: 43435 | C50: 7
B51: 43466 | C51: 16 | D51: =SUM(C51:C53) -> 25 | E51: =SUM(C51:C62) -> 68
B52: 43497 | C52: 4
B53: 43525 | C53: 5
B54: 43556 | C54: 2 | D54: =SUM(C54:C56) -> 13
B55: 43586 | C55: 4
B56: 43617 | C56: 7
B57: 43647 | C57: 9 | D57: =SUM(C57:C59) -> 20
B58: 43678 | C58: 7
B59: 43709 | C59: 4
B60: 43739 | C60: 3 | D60: =SUM(C60:C62) -> 10
B61: 43770 | C61: 5
B62: 43800 | C62: 2
B63: 43831 | C63: 7 | D63: =SUM(C63:C65) -> 17 | E63: =SUM(C63:C74) -> 52
B64: 43862 | C64: 6
B65: 43891 | C65: 4
B66: 43922 | C66: 2 | D66: =SUM(C66:C68) -> 10
B67: 43952 | C67: 5
B68: 43983 | C68: 3
B69: 44013 | C69: 2 | D69: =SUM(C69:C71) -> 15
B70: 44044 | C70: 6
B71: 44075 | C71: 7
B72: 44105 | C72: 4 | D72: =SUM(C72:C74) -> 10
B73: 44136 | C73: 5
B74: 44166 | C74: 1
B75: 44197 | C75: 6 | D75: =SUM(C75:C77) -> 23 | E75: =SUM(C75:C86) -> 90
B76: 44228 | C76: 5
B77: 44256 | C77: 12
B78: 44287 | C78: 8 | D78: =SUM(C78:C80) -> 23
B79: 44317 | C79: 3
B80: 44348 | C80: 12
B81: 44378 | C81: 9 | D81: =SUM(C81:C83) -> 20
B82: 44409 | C82: 6
B83: 44440 | C83: 5
B84: 44470 | C84: 11 | D84: =SUM(C84:C86) -> 24
B85: 44501 | C85: 7
B86: 44531 | C86: 6
B87: 44562 | C87: 3 | D87: =SUM(C87:C89) -> 44 | E87: =SUM(C87:C98) -> 128
B88: 44593 | C88: 20
B89: 44621 | C89: 21
B90: 44652 | C90: 11 | D90: =SUM(C90:C92) -> 33
B91: 44682 | C91: 12
B92: 44713 | C92: 10
B93: 44743 | C93: 6 | D93: =SUM(C93:C95) -> 25
B94: 44774 | C94: 7
B95: 44805 | C95: 12
B96: 44835 | C96: 6 | D96: =SUM(C96:C98) -> 26
B97: 44866 | C97: 11
B98: 44896 | C98: 9
B99: 44927 | C99: 10 | D99: =SUM(C99:C101) -> 27 | E99: =SUM(C99:C110) -> 90
B100: 44958 | C100: 11
B101: 44986 | C101: 6
...

Sheet calc sheet
A1: parameter | B1: frequency | C1: % | E1: key word | F1: # entries | G1: # | H1: search val | I1: cells including key | J1: תיאור המקרה | K1: מסקנות
E2: שינוי | F2: =COUNTIF(H:H,1) -> 93 | G2: ='Event summary'!A2 -> 1 | H2: =MIN(TYPE(SEARCH($E$2,'Event summary'!C2)),TYPE(SEARCH($E$2,'Event summary'!D2))) -> 16 | I2: =IF(H2=1,$E$2,"") | J2: =IF($H2=1,'Event summary'!C2,"") | K2: =IF($H2=1,'Event summary'!D2,"")
A3: קבלה | B3: =COUNTIF('Incident Reporting'!$D:$D,$A3) -> 129 | C3: =B3/$B$13 -> 0.14827586 | G3: ='Event summary'!A3 -> 2 | H3: =MIN(TYPE(SEARCH($E$2,'Event summary'!C3)),TYPE(SEARCH($E$2,'Event summary'!D3))) -> 16 | I3: =IF(H3=1,$E$2,"") | J3: =IF($H3=1,'Event summary'!C3,"") | K3: =IF($H3=1,'Event summary'!D3,"")
A4: סימולציה | B4: =COUNTIF('Incident Reporting'!$D:$D,$A4) -> 156 | C4: =B4/$B$13 -> 0.17931034 | G4: ='Event summary'!A4 -> 3 | H4: =MIN(TYPE(SEARCH($E$2,'Event summary'!C4)),TYPE(SEARCH($E$2,'Event summary'!D4))) -> 16 | I4: =IF(H4=1,$E$2,"") | J4: =IF($H4=1,'Event summary'!C4,"") | K4: =IF($H4=1,'Event summary'!D4,"")
A5: סימון | B5: =COUNTIF('Incident Reporting'!$D:$D,$A5) -> 30 | C5: =B5/$B$13 -> 0.034482759 | G5: ='Event summary'!A5 -> 4 | H5: =MIN(TYPE(SEARCH($E$2,'Event summary'!C5)),TYPE(SEARCH($E$2,'Event summary'!D5))) -> 16 | I5: =IF(H5=1,$E$2,"") | J5: =IF($H5=1,'Event summary'!C5,"") | K5: =IF($H5=1,'Event summary'!D5,"")
A6: מרשם | B6: =COUNTIF('Incident Reporting'!$D:$D,$A6) -> 78 | C6: =B6/$B$13 -> 0.089655172 | G6: ='Event summary'!A6 -> 5 | H6: =MIN(TYPE(SEARCH($E$2,'Event summary'!C6)),TYPE(SEARCH($E$2,'Event summary'!D6))) -> 16 | I6: =IF(H6=1,$E$2,"") | J6: =IF($H6=1,'Event summary'!C6,"") | K6: =IF($H6=1,'Event summary'!D6,"")
A7: תכנון | B7: =COUNTIF('Incident Reporting'!$D:$D,$A7) -> 50 | C7: =B7/$B$13 -> 0.057471264 | G7: ='Event summary'!A7 -> 6 | H7: =MIN(TYPE(SEARCH($E$2,'Event summary'!C7)),TYPE(SEARCH($E$2,'Event summary'!D7))) -> 16 | I7: =IF(H7=1,$E$2,"") | J7: =IF($H7=1,'Event summary'!C7,"") | K7: =IF($H7=1,'Event summary'!D7,"")
A8: בקרת איכות | B8: =COUNTIF('Incident Reporting'!$D:$D,$A8) -> 64 | C8: =B8/$B$13 -> 0.073563218 | G8: ='Event summary'!A8 -> 7 | H8: =MIN(TYPE(SEARCH($E$2,'Event summary'!C8)),TYPE(SEARCH($E$2,'Event summary'!D8))) -> 16 | I8: =IF(H8=1,$E$2,"") | J8: =IF($H8=1,'Event summary'!C8,"") | K8: =IF($H8=1,'Event summary'!D8,"")
A9: לפני טיפול | B9: =COUNTIF('Incident Reporting'!$D:$D,$A9) -> 95 | C9: =B9/$B$13 -> 0.1091954 | G9: ='Event summary'!A9 -> 8 | H9: =MIN(TYPE(SEARCH($E$2,'Event summary'!C9)),TYPE(SEARCH($E$2,'Event summary'!D9))) -> 16 | I9: =IF(H9=1,$E$2,"") | J9: =IF($H9=1,'Event summary'!C9,"") | K9: =IF($H9=1,'Event summary'!D9,"")
A10: מהלך טיפול | B10: =COUNTIF('Incident Reporting'!$D:$D,$A10) -> 235 | C10: =B10/$B$13 -> 0.27011494 | G10: ='Event summary'!A10 -> 9 | H10: =MIN(TYPE(SEARCH($E$2,'Event summary'!C10)),TYPE(SEARCH($E$2,'Event summary'!D10))) -> 16 | I10: =IF(H10=1,$E$2,"") | J10: =IF($H10=1,'Event summary'!C10,"") | K10: =IF($H10=1,'Event summary'!D10,"")
A11: מעקב | B11: =COUNTIF('Incident Reporting'!$D:$D,$A11) -> 12 | C11: =B11/$B$13 -> 0.013793103 | G11: ='Event summary'!A11 -> 10 | H11: =MIN(TYPE(SEARCH($E$2,'Event summary'!C11)),TYPE(SEARCH($E$2,'Event summary'!D11))) -> 16 | I11: =IF(H11=1,$E$2,"") | J11: =IF($H11=1,'Event summary'!C11,"") | K11: =IF($H11=1,'Event summary'!D11,"")
A12: אחר | B12: =COUNTIF('Incident Reporting'!$D:$D,$A12) -> 21 | C12: =B12/$B$13 -> 0.024137931 | G12: ='Event summary'!A12 -> 11 | H12: =MIN(TYPE(SEARCH($E$2,'Event summary'!C12)),TYPE(SEARCH($E$2,'Event summary'!D12))) -> 16 | I12: =IF(H12=1,$E$2,"") | J12: =IF($H12=1,'Event summary'!C12,"") | K12: =IF($H12=1,'Event summary'!D12,"")
A13: total | B13: =SUM(B3:B12) -> 870 | G13: ='Event summary'!A13 -> 12 | H13: =MIN(TYPE(SEARCH($E$2,'Event summary'!C13)),TYPE(SEARCH($E$2,'Event summary'!D13))) -> 16 | I13: =IF(H13=1,$E$2,"") | J13: =IF($H13=1,'Event summary'!C13,"") | K13: =IF($H13=1,'Event summary'!D13,"")
G14: ='Event summary'!A14 -> 13 | H14: =MIN(TYPE(SEARCH($E$2,'Event summary'!C14)),TYPE(SEARCH($E$2,'Event summary'!D14))) -> 16 | I14: =IF(H14=1,$E$2,"") | J14: =IF($H14=1,'Event summary'!C14,"") | K14: =IF($H14=1,'Event summary'!D14,"")
G15: ='Event summary'!A15 -> 14 | H15: =MIN(TYPE(SEARCH($E$2,'Event summary'!C15)),TYPE(SEARCH($E$2,'Event summary'!D15))) -> 16 | I15: =IF(H15=1,$E$2,"") | J15: =IF($H15=1,'Event summary'!C15,"") | K15: =IF($H15=1,'Event summary'!D15,"")
G16: ='Event summary'!A16 -> 15 | H16: =MIN(TYPE(SEARCH($E$2,'Event summary'!C16)),TYPE(SEARCH($E$2,'Event summary'!D16))) -> 16 | I16: =IF(H16=1,$E$2,"") | J16: =IF($H16=1,'Event summary'!C16,"") | K16: =IF($H16=1,'Event summary'!D16,"")
G17: ='Event summary'!A17 -> 16 | H17: =MIN(TYPE(SEARCH($E$2,'Event summary'!C17)),TYPE(SEARCH($E$2,'Event summary'!D17))) -> 16 | I17: =IF(H17=1,$E$2,"") | J17: =IF($H17=1,'Event summary'!C17,"") | K17: =IF($H17=1,'Event summary'!D17,"")
G18: ='Event summary'!A18 -> 17 | H18: =MIN(TYPE(SEARCH($E$2,'Event summary'!C18)),TYPE(SEARCH($E$2,'Event summary'!D18))) -> 16 | I18: =IF(H18=1,$E$2,"") | J18: =IF($H18=1,'Event summary'!C18,"") | K18: =IF($H18=1,'Event summary'!D18,"")
G19: ='Event summary'!A19 -> 18 | H19: =MIN(TYPE(SEARCH($E$2,'Event summary'!C19)),TYPE(SEARCH($E$2,'Event summary'!D19))) -> 16 | I19: =IF(H19=1,$E$2,"") | J19: =IF($H19=1,'Event summary'!C19,"") | K19: =IF($H19=1,'Event summary'!D19,"")
G20: ='Event summary'!A20 -> 19 | H20: =MIN(TYPE(SEARCH($E$2,'Event summary'!C20)),TYPE(SEARCH($E$2,'Event summary'!D20))) -> 16 | I20: =IF(H20=1,$E$2,"") | J20: =IF($H20=1,'Event summary'!C20,"") | K20: =IF($H20=1,'Event summary'!D20,"")
G21: ='Event summary'!A21 -> 20 | H21: =MIN(TYPE(SEARCH($E$2,'Event summary'!C21)),TYPE(SEARCH($E$2,'Event summary'!D21))) -> 16 | I21: =IF(H21=1,$E$2,"") | J21: =IF($H21=1,'Event summary'!C21,"") | K21: =IF($H21=1,'Event summary'!D21,"")
G22: ='Event summary'!A22 -> 21 | H22: =MIN(TYPE(SEARCH($E$2,'Event summary'!C22)),TYPE(SEARCH($E$2,'Event summary'!D22))) -> 16 | I22: =IF(H22=1,$E$2,"") | J22: =IF($H22=1,'Event summary'!C22,"") | K22: =IF($H22=1,'Event summary'!D22,"")
G23: ='Event summary'!A23 -> 22 | H23: =MIN(TYPE(SEARCH($E$2,'Event summary'!C23)),TYPE(SEARCH($E$2,'Event summary'!D23))) -> 16 | I23: =IF(H23=1,$E$2,"") | J23: =IF($H23=1,'Event summary'!C23,"") | K23: =IF($H23=1,'Event summary'!D23,"")
G24: ='Event summary'!A24 -> 23 | H24: =MIN(TYPE(SEARCH($E$2,'Event summary'!C24)),TYPE(SEARCH($E$2,'Event summary'!D24))) -> 16 | I24: =IF(H24=1,$E$2,"") | J24: =IF($H24=1,'Event summary'!C24,"") | K24: =IF($H24=1,'Event summary'!D24,"")
G25: ='Event summary'!A25 -> 24 | H25: =MIN(TYPE(SEARCH($E$2,'Event summary'!C25)),TYPE(SEARCH($E$2,'Event summary'!D25))) -> 16 | I25: =IF(H25=1,$E$2,"") | J25: =IF($H25=1,'Event summary'!C25,"") | K25: =IF($H25=1,'Event summary'!D25,"")
... G112: ='Event summary'!A112 -> 111 | H112: =MIN(TYPE(SEARCH($E$2,'Event summary'!C112)),TYPE(SEARCH($E$2,'Event summary'!D112))) -> 16 | I112: =IF(H112=1,$E$2,"") | J112: =IF($H112=1,'Event summary'!C112,"") | K112: =IF($H112=1,'Event summary'!D112,"")
E113: סימולציה | G113: ='Event summary'!A113 -> 112 | H113: =MIN(TYPE(SEARCH($E$2,'Event summary'!C113)),TYPE(SEARCH($E$2,'Event summary'!D113))) -> 16 | I113: =IF(H113=1,$E$2,"") | J113: =IF($H113=1,'Event summary'!C113,"") | K113: =IF($H113=1,'Event summary'!D113,"")
G114: ='Event summary'!A114 -> 113 | H114: =MIN(TYPE(SEARCH($E$2,'Event summary'!C114)),TYPE(SEARCH($E$2,'Event summary'!D114))) -> 16 | I114: =IF(H114=1,$E$2,"") | J114: =IF($H114=1,'Event summary'!C114,"") | K114: =IF($H114=1,'Event summary'!D114,"")
G115: ='Event summary'!A115 -> 114 | H115: =MIN(TYPE(SEARCH($E$2,'Event summary'!C115)),TYPE(SEARCH($E$2,'Event summary'!D115))) -> 16 | I115: =IF(H115=1,$E$2,"") | J115: =IF($H115=1,'Event summary'!C115,"") | K115: =IF($H115=1,'Event summary'!D115,"")
G116: ='Event summary'!A116 -> 115 | H116: =MIN(TYPE(SEARCH($E$2,'Event summary'!C116)),TYPE(SEARCH($E$2,'Event summary'!D116))) -> 16 | I116: =IF(H116=1,$E$2,"") | J116: =IF($H116=1,'Event summary'!C116,"") | K116: =IF($H116=1,'Event summary'!D116,"")
G117: ='Event summary'!A117 -> 116 | H117: =MIN(TYPE(SEARCH($E$2,'Event summary'!C117)),TYPE(SEARCH($E$2,'Event summary'!D117))) -> 16 | I117: =IF(H117=1,$E$2,"") | J117: =IF($H117=1,'Event summary'!C117,"") | K117: =IF($H117=1,'Event summary'!D117,"")
G118: ='Event summary'!A118 -> 117 | H118: =MIN(TYPE(SEARCH($E$2,'Event summary'!C118)),TYPE(SEARCH($E$2,'Event summary'!D118))) -> 16 | I118: =IF(H118=1,$E$2,"") | J118: =IF($H118=1,'Event summary'!C118,"") | K118: =IF($H118=1,'Event summary'!D118,"")
G119: ='Event summary'!A119 -> 118 | H119: =MIN(TYPE(SEARCH($E$2,'Event summary'!C119)),TYPE(SEARCH($E$2,'Event summary'!D119))) -> 16 | I119: =IF(H119=1,$E$2,"") | J119: =IF($H119=1,'Event summary'!C119,"") | K119: =IF($H119=1,'Event summary'!D119,"")
G120: ='Event summary'!A120 -> 119 | H120: =MIN(TYPE(SEARCH($E$2,'Event summary'!C120)),TYPE(SEARCH($E$2,'Event summary'!D120))) -> 16 | I120: =IF(H120=1,$E$2,"") | J120: =IF($H120=1,'Event summary'!C120,"") | K120: =IF($H120=1,'Event summary'!D120,"")
G121: ='Event summary'!A121 -> 120 | H121: =MIN(TYPE(SEARCH($E$2,'Event summary'!C121)),TYPE(SEARCH($E$2,'Event summary'!D121))) -> 16 | I121: =IF(H121=1,$E$2,"") | J121: =IF($H121=1,'Event summary'!C121,"") | K121: =IF($H121=1,'Event summary'!D121,"")
G122: ='Event summary'!A122 -> 121 | H122: =MIN(TYPE(SEARCH($E$2,'Event summary'!C122)),TYPE(SEARCH($E$2,'Event summary'!D122))) -> 16 | I122: =IF(H122=1,$E$2,"") | J122: =IF($H122=1,'Event summary'!C122,"") | K122: =IF($H122=1,'Event summary'!D122,"")
G123: ='Event summary'!A123 -> 123 | H123: =MIN(TYPE(SEARCH($E$2,'Event summary'!C123)),TYPE(SEARCH($E$2,'Event summary'!D123))) -> 16 | I123: =IF(H123=1,$E$2,"") | J123: =IF($H123=1,'Event summary'!C123,"") | K123: =IF($H123=1,'Event summary'!D123,"")
G124: ='Event summary'!A124 -> 124 | H124: =MIN(TYPE(SEARCH($E$2,'Event summary'!C124)),TYPE(SEARCH($E$2,'Event summary'!D124))) -> 16 | I124: =IF(H124=1,$E$2,"") | J124: =IF($H124=1,'Event summary'!C124,"") | K124: =IF($H124=1,'Event summary'!D124,"")
G125: ='Event summary'!A125 -> 125 | H125: =MIN(TYPE(SEARCH($E$2,'Event summary'!C125)),TYPE(SEARCH($E$2,'Event summary'!D125))) -> 16 | I125: =IF(H125=1,$E$2,"") | J125: =IF($H125=1,'Event summary'!C125,"") | K125: =IF($H125=1,'Event summary'!D125,"")
... G200: ='Event summary'!A200 -> 200 | H200: =MIN(TYPE(SEARCH($E$2,'Event summary'!C200)),TYPE(SEARCH($E$2,'Event summary'!D200))) -> 16 | I200: =IF(H200=1,$E$2,"") | J200: =IF($H200=1,'Event summary'!C200,"") | K200: =IF($H200=1,'Event summary'!D200,"")
E201: טופס | G201: ='Event summary'!A201 -> 201 | H201: =MIN(TYPE(SEARCH($E$2,'Event summary'!C201)),TYPE(SEARCH($E$2,'Event summary'!D201))) -> 16 | I201: =IF(H201=1,$E$2,"") | J201: =IF($H201=1,'Event summary'!C201,"") | K201: =IF($H201=1,'Event summary'!D201,"")
G202: ='Event summary'!A202 -> 202 | H202: =MIN(TYPE(SEARCH($E$2,'Event summary'!C202)),TYPE(SEARCH($E$2,'Event summary'!D202))) -> 16 | I202: =IF(H202=1,$E$2,"") | J202: =IF($H202=1,'Event summary'!C202,"") | K202: =IF($H202=1,'Event summary'!D202,"")
G203: ='Event summary'!A203 -> 203 | H203: =MIN(TYPE(SEARCH($E$2,'Event summary'!C203)),TYPE(SEARCH($E$2,'Event summary'!D203))) -> 16 | I203: =IF(H203=1,$E$2,"") | J203: =IF($H203=1,'Event summary'!C203,"") | K203: =IF($H203=1,'Event summary'!D203,"")
G204: ='Event summary'!A204 -> 204 | H204: =MIN(TYPE(SEARCH($E$2,'Event summary'!C204)),TYPE(SEARCH($E$2,'Event summary'!D204))) -> 16 | I204: =IF(H204=1,$E$2,"") | J204: =IF($H204=1,'Event summary'!C204,"") | K204: =IF($H204=1,'Event summary'!D204,"")
G205: ='Event summary'!A205 -> 205 | H205: =MIN(TYPE(SEARCH($E$2,'Event summary'!C205)),TYPE(SEARCH($E$2,'Event summary'!D205))) -> 16 | I205: =IF(H205=1,$E$2,"") | J205: =IF($H205=1,'Event summary'!C205,"") | K205: =IF($H205=1,'Event summary'!D205,"")
G206: ='Event summary'!A206 -> 206 | H206: =MIN(TYPE(SEARCH($E$2,'Event summary'!C206)),TYPE(SEARCH($E$2,'Event summary'!D206))) -> 16 | I206: =IF(H206=1,$E$2,"") | J206: =IF($H206=1,'Event summary'!C206,"") | K206: =IF($H206=1,'Event summary'!D206,"")
G207: ='Event summary'!A207 -> 207 | H207: =MIN(TYPE(SEARCH($E$2,'Event summary'!C207)),TYPE(SEARCH($E$2,'Event summary'!D207))) -> 16 | I207: =IF(H207=1,$E$2,"") | J207: =IF($H207=1,'Event summary'!C207,"") | K207: =IF($H207=1,'Event summary'!D207,"")
G208: ='Event summary'!A208 -> 208 | H208: =MIN(TYPE(SEARCH($E$2,'Event summary'!C208)),TYPE(SEARCH($E$2,'Event summary'!D208))) -> 16 | I208: =IF(H208=1,$E$2,"") | J208: =IF($H208=1,'Event summary'!C208,"") | K208: =IF($H208=1,'Event summary'!D208,"")
G209: ='Event summary'!A209 -> 209 | H209: =MIN(TYPE(SEARCH($E$2,'Event summary'!C209)),TYPE(SEARCH($E$2,'Event summary'!D209))) -> 16 | I209: =IF(H209=1,$E$2,"") | J209: =IF($H209=1,'Event summary'!C209,"") | K209: =IF($H209=1,'Event summary'!D209,"")
G210: ='Event summary'!A210 -> 210 | H210: =MIN(TYPE(SEARCH($E$2,'Event summary'!C210)),TYPE(SEARCH($E$2,'Event summary'!D210))) -> 16 | I210: =IF(H210=1,$E$2,"") | J210: =IF($H210=1,'Event summary'!C210,"") | K210: =IF($H210=1,'Event summary'!D210,"")
G211: ='Event summary'!A211 -> 211 | H211: =MIN(TYPE(SEARCH($E$2,'Event summary'!C211)),TYPE(SEARCH($E$2,'Event summary'!D211))) -> 16 | I211: =IF(H211=1,$E$2,"") | J211: =IF($H211=1,'Event summary'!C211,"") | K211: =IF($H211=1,'Event summary'!D211,"")
G212: ='Event summary'!A212 -> 212 | H212: =MIN(TYPE(SEARCH($E$2,'Event summary'!C212)),TYPE(SEARCH($E$2,'Event summary'!D212))) -> 1 | I212: =IF(H212=1,$E$2,"") -> שינוי | J212: =IF($H212=1,'Event summary'!C212,"") -> מתן טיפול באופן שגוי - עקב תקלה טכנית בטיפול שד לא נרשמו 45 MU ראשונים מתוך 310 MU לטיפול הזה. הוחלט על מתן השדה כולו כך שהמנה נתנה פעמיים | K212: =IF($H212=1,'Event summary'!D212,"") -> מחישוב השגיאה במנה עולה, שהשוני במנה האבסולוטית מהמרשם קטן מ- 5% לכל האיבר. מסקנות; ללא שינוי.
G213: ='Event summary'!A213 -> 213 | H213: =MIN(TYPE(SEARCH($E$2,'Event summary'!C213)),TYPE(SEARCH($E$2,'Event summary'!D213))) -> 1 | I213: =IF(H213=1,$E$2,"") -> שינוי | J213: =IF($H213=1,'Event summary'!C213,"") -> תקשורת לקויה - מטופל, הגיע והתיק לא היה מוכן. התורים שלv בוטלו, ולא נבנה care path חדש. | K213: =IF($H213=1,'Event summary'!D213,"") -> הקמת מייל ייעודי לזימון תורים שבו ניתן יהיה לתקשר דחיות ושינויים תכנוניים. בנוסף, יעשה שימוש במייל של הפיזיקה physics1@clalit.org.il לצורך העברת הודעות על שינויים במועדים של מטופלים. נוהל עבודה ייכתב ע"י צוות איכות.
... G1312: ='Event summary'!A1312 -> 0 | H1312: =MIN(TYPE(SEARCH($E$2,'Event summary'!C1312)),TYPE(SEARCH($E$2,'Event summary'!D1312))) -> 16 | I1312: =IF(H1312=1,$E$2,"") | J1312: =IF($H1312=1,'Event summary'!C1312,"") | K1312: =IF($H1312=1,'Event summary'!D1312,"")

Sheet Taxonomy New
A1: תקציר מקרה | C1: key word | D1: סריקה | G1: new taxonomy English | H1: תקציר מקרה חדש | I1: Crossover
A2: חישוב שגוי | B2: =IF(OR(ISBLANK($D$1),E2<>1),"",A2) | E2: =TYPE(SEARCH($D$1,A2)) -> 16 | G2: Laterality Incorrect | H2: צד לא נכון
A3: חפיפה בין השדות | B3: =IF(OR(ISBLANK($D$1),E3<>1),"",A3) | E3: =TYPE(SEARCH($D$1,A3)) -> 16 | G3: Anatomical site (excluding laterality) incorrect | H3: מקום אנטומי (חוץ מצד) לא נכון | J3: כמעט סימון שגוי
A4: מתן טיפול בהיעדר מרשם | B4: =IF(OR(ISBLANK($D$1),E4<>1),"",A4) | E4: =TYPE(SEARCH($D$1,A4)) -> 16 | G4: Patient or patient information incorrect | H4: מטופל לא נכון או מידע של מטופל לא נכון | I4: שגיאה בזיהוי מטופםל: | J4: שם מרשם שגוי | K4: שם תוכנית שגויה | L4: הכנסת מטופל ללא תאום
A5: היעדר תיעוד | B5: =IF(OR(ISBLANK($D$1),E5<>1),"",A5) | E5: =TYPE(SEARCH($D$1,A5)) -> 16 | G5: Prescription dose, fractionation incorrect and/or calculation error | H5: מינון מרשם, פרקצונציה לא נכון ו/או טעות בחישוב | I5: חישוב שגוי: | J5: מתן טיפול בהיעדר מרשם: | K5: מרשם לא תקין | L5: טיפול ללא מרשם באריה | M5: היעדר מרשם: | N5: מרשם לא ברור | O5: מרשם שגוי | P5: מתן טיפול ללא מרשם
